SOC,Chg voltage [V],Dchg voltage [V],OCV [V]
0.0,2.811543,2.7501876,2.7808653
0.001,2.8880739125105994,2.8124828901831225,2.850278401346861
0.002,2.936651817232801,2.8626233156405,2.8996375664366507
0.003,2.9724383657482623,2.9030334846797485,2.9377359252140054
0.004,3.0009413613467233,2.9351371078964603,2.9680392346215916
0.005,3.0256898714164775,2.9619306737190305,2.993810272567754
0.006,3.047584884559291,2.9852494770287232,3.016417180794007
0.007,3.0677617678034195,3.006442930116118,3.0371023489597686
0.008,3.0861206940718544,3.0261406352387477,3.056130664655301
0.009000000000000001,3.1032590455227873,3.044391545396119,3.073825295459453
0.01,3.119155007630035,3.0613500289324374,3.090252518281236
0.011,3.1340705783193252,3.0770093621944667,3.105539970256896
0.012,3.148158396846692,3.0919499096143404,3.120054153230516
0.013000000000000001,3.161608497380647,3.106329449196248,3.1339689732884475
0.014,3.1741480834464353,3.119732335498289,3.146940209472362
0.015,3.1860667747656692,3.132447585877629,3.1592571803216494
0.016,3.197406227664684,3.1445386141126543,3.170972420888669
0.017,3.208197813025695,3.1561021598037473,3.1821499864147214
0.018000000000000002,3.218713,3.167317143294801,3.193015071647401
0.019,3.228698,3.1780163318946575,3.2033571659473288
0.02,3.2384598250847185,3.1883030003867385,3.2133814127357283
0.021,3.24758357116753,3.1982074486655536,3.2228955099165417
0.022,3.25661118111707,3.2078398699417097,3.23222552552939
0.023,3.2650369715082808,3.2168323574446873,3.240934664476484
0.024,3.2737326771080055,3.2259793196241886,3.249855998366097
0.025,3.2816692268320216,3.234431896028651,3.2580505614303363
0.026000000000000002,3.289331398193784,3.2428945198796337,3.266112959036709
0.027,3.2969994118099843,3.251102626913492,3.274051019361738
0.028,3.3043618107719728,3.2589388967926367,3.2816503537823047
0.029,3.3116021168631,3.2667100513610436,3.2891560841120717
0.03,3.3185981422800173,3.2742424354246538,3.2964202888523353
0.031,3.3252741777319943,3.2813192470305266,3.30329671238126
0.032,3.3320038973785757,3.288733170959985,3.3103685341692803
0.033,3.3382952954558536,3.295320338145013,3.3168078168004334
0.034,3.3446084344517777,3.302016627506406,3.323312530979092
0.035,3.35073818579202,3.3087056993700608,3.3297219425810405
0.036000000000000004,3.3565482673663527,3.3149618671160095,3.3357550672411813
0.037,3.3625107,3.3213207259873774,3.3419157129936887
0.038,3.368013324667099,3.3272289394140975,3.347621132040598
0.039,3.37385803196858,3.333397997058261,3.3536280145134203
0.04,3.378931047513719,3.3390434834853684,3.3589872654995436
0.041,3.384243842198517,3.3447717013917955,3.3645077717951564
0.042,3.3896108525817006,3.3504878363633765,3.3700493444725383
0.043000000000000003,3.394663538743697,3.3560243941592995,3.3753439664514984
0.044,3.399609835565042,3.3612670774453783,3.3804384565052104
0.045,3.4043668820616197,3.3664009702516515,3.385383926156636
0.046,3.4092522975397515,3.3713326,3.390292448769876
0.047,3.413823773119934,3.376709205625592,3.395266489372763
0.048,3.418670158819195,3.381505187826844,3.4000876733230196
0.049,3.422693694439826,3.386150068120905,3.4044218812803653
0.05,3.427128862440618,3.3909414,3.409035131220309
0.051000000000000004,3.4315624,3.3956888120411595,3.4136256060205796
0.052000000000000005,3.4356554936427663,3.3998437,3.417749596821383
0.053,3.439701094569222,3.4039818621960976,3.42184147838266
0.054,3.443674907955934,3.408299235291224,3.425987071623579
0.055,3.4474740426975634,3.4125552,3.4300146213487817
0.056,3.4514147423456714,3.4161491739390546,3.433781958142363
0.057,3.4551551264929734,3.4195726,3.4373638632464867
0.058,3.4586612071161396,3.4229299267603897,3.440795566938265
0.059000000000000004,3.4621537795973425,3.425780493082403,3.4439671363398725
0.06,3.465515454533921,3.428562271783098,3.4470388631585096
0.061,3.468737382414579,3.4311370093403952,3.449937195877487
0.062,3.471675242846919,3.4333783959269755,3.4525268193869474
0.063,3.474473681931379,3.435300778978682,3.4548872304550304
0.064,3.4772812121451535,3.4372985094519946,3.457289860798574
0.065,3.479542199897114,3.4388631418277353,3.4592026708624246
0.066,3.4814962759639667,3.4402065755625,3.4608514257632335
0.067,3.483444403602945,3.4416676,3.4625560018014725
0.068,3.484793933794692,3.442772590229613,3.4637832620121527
0.069,3.4860410815284086,3.4440367253516375,3.465038903440023
0.07,3.487218802120047,3.4453487530856264,3.466283777602837
0.07100000000000001,3.487851094683956,3.4462746824842667,3.4670628885841115
0.07200000000000001,3.488631200644334,3.4473217,3.467976450322167
0.073,3.4893053244319243,3.4482038,3.4687545622159623
0.074,3.4901368622919406,3.4491142036090445,3.4696255329504924
0.075,3.490757772191256,3.4501599767026603,3.470458874446958
0.076,3.4912361867783908,3.451051,3.471143593389195
0.077,3.4918429735891308,3.4520135,3.4719282367945654
0.078,3.4923150574468678,3.4526978879053978,3.472506472676133
0.079,3.4930870010994695,3.453401450633427,3.4732442258664484
0.08,3.493351162974549,3.4541760019194987,3.473763582447024
0.081,3.493890931132386,3.454872665506549,3.4743817983194676
0.082,3.494500545073933,3.4555971724156618,3.475048858744797
0.083,3.494966399925276,3.4564031246564495,3.4756847622908627
0.084,3.4955753084072647,3.457092422554722,3.4763338654809934
0.085,3.4960651942752206,3.4576794735020187,3.4768723338886196
0.08600000000000001,3.496484,3.458503040467686,3.477493520233843
0.08700000000000001,3.4970643599127524,3.4588867355791613,3.477975547745957
0.088,3.4974770363001424,3.459634878829159,3.4785559575646507
0.089,3.4980866422169328,3.460172615513196,3.4791296288650644
0.09,3.4986211498622617,3.4609243738554283,3.479772761858845
0.091,3.4991343672634234,3.4615138623934185,3.480324114828421
0.092,3.499647482496683,3.46235502485307,3.4810012536748767
0.093,3.500147790896947,3.462851822389189,3.4814998066430682
0.094,3.500522484925286,3.4634536779211658,3.481988081423226
0.095,3.5011756,3.4639771434393665,3.4825763717196834
0.096,3.5017371,3.4646046,3.48317085
0.097,3.5022124278671556,3.4652863156083034,3.4837493717377295
0.098,3.5027207216078207,3.465840389723551,3.484280555665686
0.099,3.5033025282969215,3.466437983501436,3.4848702558991786
0.1,3.5038935891034995,3.46695462680252,3.4854241079530097
0.101,3.5043521142409224,3.4676287876271954,3.485990450934059
0.10200000000000001,3.505007974195579,3.468208940097538,3.4866084571465583
0.10300000000000001,3.5055878493962345,3.4689198809811974,3.487253865188716
0.10400000000000001,3.5060240628576254,3.4691630351245557,3.4875935489910903
0.105,3.5065491,3.4697289680568466,3.488139034028423
0.106,3.5070436631924213,3.470321565530212,3.4886826143613168
0.107,3.5076440166264145,3.4708572024220077,3.489250609524211
0.108,3.508193,3.4713050826667953,3.489749041333398
0.109,3.5087337727806376,3.4718449057132728,3.490289339246955
0.11,3.5092641243498295,3.472502674343388,3.490883399346609
0.111,3.5101007814224188,3.4729855,3.4915431407112094
0.112,3.5106902642219784,3.473460167824184,3.492075216023081
0.113,3.511306197837751,3.4740101612403045,3.4926581795390277
0.114,3.51181594917857,3.4745942035060873,3.4932050763423286
0.115,3.512597294562467,3.4751329194537157,3.4938651070080913
0.116,3.5131254,3.475626776370425,3.4943760881852124
0.117,3.5137076310380366,3.4761344382271955,3.494921034632616
0.11800000000000001,3.5142902954837885,3.476831688333892,3.49556099190884
0.11900000000000001,3.5152348952790775,3.477341125234861,3.4962880102569693
0.12,3.515557122459158,3.4781558025740433,3.4968564625166008
0.121,3.5162545828750122,3.4784391,3.497346841437506
0.122,3.516885466575425,3.4790775224569024,3.4979814945161634
0.123,3.517678809952825,3.479500427723235,3.4985896188380297
0.124,3.5185225109273093,3.480207845414332,3.4993651781708204
0.125,3.5191657665491096,3.4809402539637015,3.500053010256406
0.126,3.5199056753139573,3.4815554694884945,3.500730572401226
0.127,3.5206734848853882,3.4822118543433076,3.501442669614348
0.128,3.5215440733579966,3.4830661571799073,3.502305115268952
0.129,3.522078756063413,3.4837675162629864,3.5029231361632
0.13,3.5229923707004516,3.48471375409286,3.5038530623966557
0.131,3.523925216095052,3.4854665644359923,3.504695890265522
0.132,3.5246266383280402,3.4862407248442024,3.5054336815861213
0.133,3.5254710081947747,3.4874697293490913,3.506470368771933
0.134,3.526464486641138,3.4884241,3.507444293320569
0.135,3.527228992710669,3.4897839944348354,3.508506493572752
0.136,3.5281251944275116,3.4908231077326657,3.509474151080089
0.137,3.5290081668660904,3.4919455283607763,3.5104768476134334
0.138,3.5298051642204875,3.4930756,3.511440382110244
0.139,3.530972671466904,3.4941862371981216,3.5125794543325126
0.14,3.5317635373316225,3.495303972978971,3.5135337551552968
0.14100000000000001,3.5326157721386893,3.496285128888453,3.5144504505135714
0.14200000000000002,3.533673263225951,3.497512741253505,3.5155930022397284
0.14300000000000002,3.5346013860368957,3.4986095396218455,3.5166054628293706
0.14400000000000002,3.5355476533502808,3.4998084159191283,3.5176780346347045
0.145,3.536664,3.500599693269263,3.518631846634632
0.146,3.537651228430644,3.5017545926560962,3.51970291054337
0.147,3.538602800600761,3.5025567655928707,3.5205797830968155
0.148,3.539503398085981,3.503589918192869,3.521546658139425
0.149,3.5405633179230946,3.504504,3.5225336589615472
0.15,3.541544411435651,3.5055647774475545,3.5235545944416025
0.151,3.542369804795872,3.5065423654038743,3.524456085099873
0.152,3.543836839409135,3.5074550597256624,3.525645949567399
0.153,3.5446204957431617,3.508153,3.526386747871581
0.154,3.545548556148889,3.5088924624908517,3.5272205093198705
0.155,3.546562052028493,3.509902505903739,3.528232278966116
0.156,3.547548474086361,3.5108827580183877,3.529215616052374
0.157,3.548569011598673,3.511556363812234,3.5300626877054535
0.158,3.5496161,3.5124699943165036,3.531043047158252
0.159,3.5506462015356255,3.5134119061091185,3.532029053822372
0.16,3.5515251678486233,3.5141690294630394,3.5328470986558314
0.161,3.5526024400620155,3.5151706,3.5338865200310074
0.162,3.553475935978179,3.515801827844967,3.5346388819115733
0.163,3.554271549216493,3.5166462464859087,3.5354588978512007
0.164,3.5554226124136594,3.5175395089367787,3.536481060675219
0.165,3.556386873713206,3.5183384,3.537362636856603
0.166,3.557305610837039,3.5190601,3.5381828554185195
0.167,3.558369485511309,3.5200627,3.5392160927556544
0.168,3.559288546845728,3.5208023017958032,3.5400454243207653
0.169,3.5602565788818423,3.5216209805932395,3.540938779737541
0.17,3.5611649,3.522323350887333,3.5417441254436666
0.171,3.5621704179999525,3.523432519806309,3.5428014689031304
0.17200000000000001,3.563273116249072,3.5243851577321217,3.5438291369905968
0.17300000000000001,3.5641217508164567,3.524905994558006,3.544513872687231
0.17400000000000002,3.5651348,3.5260622081443986,3.545598504072199
0.17500000000000002,3.5658915542479366,3.5268952380167886,3.5463933961323626
0.176,3.5669619780559323,3.527917193286395,3.547439585671164
0.177,3.5678413201266097,3.5286511152179485,3.548246217672279
0.178,3.568542793060892,3.529617648740314,3.5490802209006027
0.179,3.5698819998446703,3.530508403466134,3.550195201655402
0.18,3.5705618049198664,3.5313388729501187,3.5509503389349923
0.181,3.571639230334218,3.532491101139337,3.552065165736778
0.182,3.572513868704533,3.5333681729273017,3.5529410208159176
0.183,3.5734942985681504,3.5341778,3.553836049284075
0.184,3.5742965474673607,3.5350464183152868,3.5546714828913237
0.185,3.5751210191197518,3.5359244940329146,3.555522756576333
0.186,3.57609340746113,3.536598930362728,3.556346168911929
0.187,3.577102094060817,3.537631464245308,3.5573667791530625
0.188,3.57791313206649,3.5384381944379877,3.5581756632522388
0.189,3.5788448755856552,3.5393283700579663,3.5590866228218108
0.19,3.5796762087729883,3.540088542528389,3.5598823756506883
0.191,3.580564852838436,3.5408477169014647,3.5607062848699504
0.192,3.5813649534649254,3.541765132295777,3.561565042880351
0.193,3.582014831113536,3.5424700947532104,3.562242462933373
0.194,3.58304345932923,3.5432759510462217,3.5631597051877257
0.195,3.5838000480302963,3.544194714630319,3.5639973813303074
0.196,3.5845827222146287,3.5447436017441345,3.5646631619793814
0.197,3.585303427335192,3.545459047890305,3.5653812376127485
0.198,3.5859866,3.5463711217233356,3.566178860861668
0.199,3.5867105857922374,3.547044850044081,3.5668777179181594
0.2,3.5875060183708993,3.5476031507383223,3.567554584554611
0.201,3.588241996781624,3.5483700030356675,3.5683059999086457
0.202,3.5889415377730964,3.5490949,3.5690182188865482
0.203,3.5895984067387685,3.5496766619002003,3.5696375343194844
0.20400000000000001,3.5905497550308647,3.5503066807321106,3.5704282178814877
0.20500000000000002,3.5910245308860076,3.550987718347588,3.571006124616798
0.20600000000000002,3.5916741987872642,3.551827916222691,3.5717510575049776
0.20700000000000002,3.59244283803586,3.5522812779083126,3.5723620579720863
0.20800000000000002,3.5931750885432288,3.552886994006862,3.5730310412750454
0.209,3.5937288029317656,3.5536120349391536,3.5736704189354596
0.21,3.5944476,3.5543062222004935,3.574376911100247
0.211,3.5952842331343784,3.5546899837419494,3.574987108438164
0.212,3.5959708040581675,3.555536668244221,3.575753736151194
0.213,3.5965584358615463,3.5560363723622603,3.5762974041119033
0.214,3.5974705824375026,3.5565861567736405,3.5770283696055714
0.215,3.5980624674782895,3.557128449308074,3.5775954583931817
0.216,3.598952157688309,3.5577564,3.5783542788441545
0.217,3.5995580747808003,3.558398034267027,3.5789780545239136
0.218,3.6002605755013195,3.558821778847171,3.5795411771742454
0.219,3.60110695936011,3.559551835282437,3.5803293973212735
0.22,3.601726935726503,3.559985902187926,3.5808564189572145
0.221,3.6025302316158694,3.560679791512463,3.581605011564166
0.222,3.6032676089241273,3.561138351040417,3.582202979982272
0.223,3.6038568578113948,3.5617800876983288,3.5828184727548615
0.224,3.6047814987628692,3.562565766585682,3.5836736326742757
0.225,3.605663879648153,3.562750264180905,3.5842070719145287
0.226,3.606281766774531,3.563624717816332,3.5849532422954313
0.227,3.6070541863327428,3.563938621983009,3.585496404157876
0.228,3.60777242084958,3.5646674043161495,3.5862199125828647
0.229,3.6085227,3.565181892349745,3.5868522961748726
0.23,3.6092786290102206,3.5658680962648037,3.587573362637512
0.231,3.6102068,3.5664376151440904,3.588322207572045
0.232,3.6108786911703,3.5669794,3.58892904558515
0.233,3.6116520237932774,3.5676968461113034,3.5896744349522907
0.234,3.612378310393281,3.568124442085003,3.590251376239142
0.23500000000000001,3.613343992941769,3.5689512095404488,3.5911476012411088
0.23600000000000002,3.613961957548145,3.5693558157920435,3.5916588866700945
0.23700000000000002,3.614654213435908,3.5700278914172197,3.5923410524265638
0.23800000000000002,3.615522170265423,3.5705459564254136,3.593034063345418
0.23900000000000002,3.6164371523761347,3.5711452574204183,3.5937912048982765
0.24,3.6168234,3.5718178249165153,3.5943206124582576
0.241,3.617581184739318,3.572635242778394,3.5951082137588557
0.242,3.618333743121641,3.573021612276267,3.595677677698954
0.243,3.6189601395477635,3.573732388561334,3.5963462640545485
0.244,3.6196704,3.5745524416766994,3.59711142083835
0.245,3.620381901242503,3.574919,3.597650450621251
0.246,3.620910478979376,3.575710013282054,3.598310246130715
0.247,3.6215759255631554,3.5762332593600545,3.598904592461605
0.248,3.6216995465982573,3.5768113655039424,3.5992554560511
0.249,3.6224113540281264,3.5774606484622913,3.599936001245209
0.25,3.6229186,3.578032422578444,3.600475511289222
0.251,3.623408037382096,3.5787373707784638,3.6010727040802797
0.252,3.6238895752559857,3.5794075399442113,3.6016485576000985
0.253,3.624333949846079,3.5800694595909923,3.602201704718536
0.254,3.6247749752244336,3.5805447756361657,3.6026598754303
0.255,3.6253287496266458,3.5814460414457265,3.603387395536186
0.256,3.6257354626006117,3.581921622138656,3.6038285423696337
0.257,3.626202382460956,3.582344819634122,3.604273601047539
0.258,3.626498874554021,3.5831024397702853,3.604800657162153
0.259,3.627108507989985,3.5836288109921,3.6053686594910426
0.26,3.627490889926022,3.5843668990227164,3.6059288944743693
0.261,3.628059415726595,3.584786966612818,3.606423191169706
0.262,3.6283915568972223,3.5854654,3.6069284784486113
0.263,3.6290366641598037,3.586107,3.607571832079902
0.264,3.629251290142027,3.586487492032653,3.60786939108734
0.265,3.629488611829261,3.5872824582504075,3.608385535039834
0.266,3.6298979714611876,3.587507962311387,3.6087029668862876
0.267,3.6304720030631015,3.5884328,3.609452401531551
0.268,3.6310148800132787,3.588978408770788,3.6099966443920333
0.269,3.631429275602981,3.5892897778884327,3.610359526745707
0.27,3.631900113441794,3.590123776196985,3.6110119448193894
0.271,3.632279063247208,3.5905867581618525,3.61143291070453
0.272,3.6327513117176258,3.591043710700467,3.6118975112090466
0.273,3.6330384185065245,3.5915606,3.6122995092532624
0.274,3.633370215418148,3.5920591367412182,3.6127146760796833
0.275,3.63394726444409,3.5926514362321913,3.6132993503381408
0.276,3.6343069,3.593223718036835,3.6137653090184174
0.277,3.6349288865700746,3.593696374157517,3.614312630363796
0.278,3.6352736196002353,3.5942292614561757,3.6147514405282055
0.279,3.6354864140020045,3.5949871260476316,3.615236770024818
0.28,3.635966080832026,3.595268019294262,3.615617050063144
0.281,3.6363535005587084,3.595775466957193,3.6160644837579508
0.28200000000000003,3.6367128,3.5963630737492998,3.61653793687465
0.28300000000000003,3.6371740897557623,3.5968134,3.616993744877881
0.28400000000000003,3.637524357315478,3.5972548,3.617389578657739
0.28500000000000003,3.6379548226743794,3.5976262269186745,3.617790524796527
0.28600000000000003,3.638425481688762,3.598152550625469,3.6182890161571155
0.28700000000000003,3.6386230091715115,3.5986771900392114,3.6186500996053614
0.28800000000000003,3.639049099105982,3.5992997,3.619174399552991
0.289,3.639202896094215,3.59982831096904,3.619515603531627
0.29,3.639815372693684,3.6005017867058973,3.6201585796997904
0.291,3.6400011,3.6008029726365223,3.620402036318261
0.292,3.6402016,3.600992783458726,3.620597191729363
0.293,3.6406522153843994,3.601753640590457,3.6212029279874285
0.294,3.6410157486921886,3.6020737807845586,3.6215447647383736
0.295,3.64121904908746,3.602572235577351,3.6218956423324054
0.296,3.6417649393168534,3.603030632151723,3.622397785734288
0.297,3.6420946149374402,3.603582092068921,3.6228383535031807
0.298,3.6423057474252447,3.6039718611054425,3.6231388042653436
0.299,3.642455452442465,3.604294000711871,3.623374726577168
0.3,3.6427805189733427,3.6048562523951073,3.623818385684225
0.301,3.6431434169780617,3.6054081484456666,3.624275782711864
0.302,3.643652403454983,3.606099899007867,3.624876151231425
0.303,3.64376405791214,3.6063573,3.62506067895607
0.304,3.644055338525262,3.6068962828553777,3.62547581069032
0.305,3.644295894523498,3.6073363816955766,3.6258161381095375
0.306,3.644582886894036,3.6077607,3.626171793447018
0.307,3.6448342587748104,3.6080509243019914,3.626442591538401
0.308,3.6451211600200346,3.6086105237603965,3.6268658418902158
0.309,3.6455622922858213,3.6091025581232854,3.6273324252045533
0.31,3.645839573193573,3.6095212882153946,3.627680430704484
0.311,3.646063273440024,3.6099239864106747,3.6279936299253492
0.312,3.6463202915377444,3.6105945504014287,3.6284574209695863
0.313,3.6467024392137923,3.610843862667486,3.6287731509406393
0.314,3.6469784,3.6113524078598815,3.6291654039299406
0.315,3.6472991,3.6117091641369927,3.6295041320684964
0.316,3.6472637828047727,3.6120046560869294,3.629634219445851
0.317,3.647721199439516,3.6126287430318187,3.6301749712356672
0.318,3.6480799453140342,3.612920516822426,3.63050023106823
0.319,3.6483438859731727,3.613336969675667,3.63084042782442
0.32,3.6486225,3.613602518182489,3.6311125090912446
0.321,3.648909347462007,3.614045203508627,3.6314772754853166
0.322,3.649436835898841,3.614639949692654,3.6320383927957476
0.323,3.6495685904297193,3.614944868700759,3.6322567295652393
0.324,3.6496734725292286,3.6153265816588007,3.6325000270940144
0.325,3.650147543271795,3.6157766816064982,3.632962112439147
0.326,3.6502638947003736,3.6159446921651104,3.633104293432742
0.327,3.650756026653402,3.6166345817924044,3.633695304222903
0.328,3.651002906788109,3.6168943119119237,3.6339486093500164
0.329,3.651318420641178,3.6174862213666366,3.6344023210039076
0.33,3.6516276074612466,3.6177934337655095,3.6347105206133783
0.331,3.6518352980367554,3.6178697103398783,3.634852504188317
0.332,3.6521732682083523,3.6184057839072157,3.635289526057784
0.333,3.6523770872546226,3.6187139816545377,3.63554553445458
0.334,3.6527491674477055,3.6191459301256215,3.6359475487866635
0.335,3.6532195853228084,3.6198292678812756,3.6365244266020422
0.336,3.6533441769299304,3.620050077590845,3.636697127260388
0.337,3.6535547,3.620312,3.63693335
0.338,3.6538818115868934,3.6205995931460886,3.637240702366491
0.339,3.654189990751812,3.620927573029428,3.63755878189062
0.34,3.654619782204583,3.6213822044431527,3.638000993323868
0.341,3.6548779,3.6218573623033246,3.638367631151662
0.342,3.65513209631247,3.6220925510385564,3.6386123236755132
0.343,3.65546075158461,3.6221694415323906,3.6388150965585
0.34400000000000003,3.655678076999157,3.6228923591014723,3.639285218050315
0.34500000000000003,3.6561503634671073,3.623195724742107,3.6396730441046072
0.34600000000000003,3.656253087608677,3.6235828571844695,3.6399179723965736
0.34700000000000003,3.6566603107067563,3.6238302808710605,3.640245295788908
0.34800000000000003,3.65702156306332,3.6242531945957936,3.640637378829557
0.34900000000000003,3.6570568859675214,3.624336718807169,3.640696802387345
0.35000000000000003,3.6574421999344295,3.6248634957556125,3.641152847845021
0.35100000000000003,3.6577771337960927,3.625328147061804,3.6415526404289484
0.352,3.6580907140645618,3.625590763845155,3.6418407389548584
0.353,3.658497527190789,3.625906106805424,3.6422018169981065
0.354,3.658674324611211,3.626397139138073,3.642535731874642
0.355,3.6589935270676444,3.6268015984397723,3.642897562753708
0.356,3.659445028392815,3.6270588652526623,3.6432519468227387
0.357,3.6596733887516053,3.6272829063226157,3.6434781475371105
0.358,3.6600137584439176,3.627761136496801,3.6438874474703593
0.359,3.660175381995047,3.6280414608713687,3.6441084214332076
0.36,3.6606478588402407,3.628282540412902,3.6444651996265716
0.361,3.6607844133057648,3.62880940594915,3.6447969096274573
0.362,3.661274972270578,3.6290457562137317,3.645160364242155
0.363,3.6615110981261787,3.6295105146404247,3.6455108063833017
0.364,3.6618861587865195,3.6298378443413535,3.6458620015639367
0.365,3.6621773504247295,3.6301362348990183,3.646156792661874
0.366,3.6624522521859437,3.630524631443988,3.6464884418149657
0.367,3.6627092982008556,3.6308982,3.6468037491004277
0.368,3.6630228800881435,3.6311687419771697,3.6470958110326563
0.369,3.663484223545729,3.631517133655234,3.6475006786004815
0.37,3.6638142516360084,3.631957354078921,3.6478858028574646
0.371,3.664093379754245,3.6320979919140908,3.6480956858341678
0.372,3.664361781954627,3.632472329629403,3.648417055792015
0.373,3.6646569173932995,3.632947484053212,3.6488022007232557
0.374,3.6649794280749277,3.6331971094806317,3.6490882687777795
0.375,3.6654108354744506,3.633602111819127,3.649506473646789
0.376,3.665546478372892,3.6339459,3.649746189186446
0.377,3.666064841816854,3.6343969006488965,3.6502308712328753
0.378,3.6664785851155193,3.6345596953440324,3.650519140229776
0.379,3.6666646064266866,3.635057353700453,3.6508609800635696
0.38,3.666855817398009,3.635289933241875,3.651072875319942
0.381,3.6672512935445756,3.6358507765463677,3.651551035045472
0.382,3.6676765613968247,3.6359846457602143,3.6518306035785195
0.383,3.6679504,3.6365730677144237,3.6522617338572116
0.384,3.6681912,3.6369298468027282,3.6525605234013643
0.385,3.6686323,3.6371513721275153,3.6528918360637577
0.386,3.6688898442809417,3.6374345,3.653162172140471
0.387,3.6693139,3.6380481601214507,3.653681030060725
0.388,3.6695945,3.6382510083696795,3.6539227541848396
0.389,3.670008667443584,3.638569006171309,3.6542888368074466
0.39,3.6704043732708937,3.639093202809264,3.654748788040079
0.391,3.670645122982109,3.6392462179950806,3.654945670488595
0.392,3.6710329980002934,3.6397208666405456,3.6553769323204195
0.393,3.6714474523467913,3.640117766695285,3.6557826095210384
0.394,3.6716411943183656,3.640323486804484,3.6559823405614247
0.395,3.672109823522878,3.6407501771335258,3.6564300003282018
0.396,3.6725619,3.641300114198477,3.6569310070992387
0.397,3.672794733061976,3.6414428928061726,3.6571188129340744
0.398,3.673115388681618,3.641978612727747,3.6575470007046826
0.399,3.6734848717592334,3.6422868,3.6578858358796165
0.4,3.6738308253620087,3.6425887685564637,3.658209796959236
0.401,3.674119648569911,3.6428339526360616,3.658476800602986
0.402,3.6744637938235103,3.6434817262340258,3.6589727600287683
0.403,3.674968,3.6439218505179682,3.659444925258984
0.404,3.675285677370443,3.6441968049316578,3.6597412411510506
0.405,3.6756420808548995,3.6446012699818997,3.6601216754183996
0.406,3.67610265562449,3.6448885803779123,3.6604956180012014
0.40700000000000003,3.6763764341669565,3.6452138,3.6607951170834783
0.40800000000000003,3.676552670890561,3.6457856131935356,3.6611691420420485
0.40900000000000003,3.6770562623785787,3.6460559,3.661556081189289
0.41000000000000003,3.677311570839539,3.646488697855402,3.6619001343474706
0.41100000000000003,3.677875910009815,3.6467334269347687,3.6623046684722915
0.41200000000000003,3.678236103082782,3.647188862395815,3.6627124827392983
0.41300000000000003,3.678459046517405,3.647638919331985,3.6630489829246953
0.41400000000000003,3.6789714718619058,3.647955375569204,3.663463423715555
0.41500000000000004,3.6793170860337723,3.648308085116201,3.663812585574987
0.41600000000000004,3.6798201,3.648544730620061,3.6641824153100306
0.417,3.6800689579041657,3.648926562761321,3.6644977603327433
0.418,3.6803770103602704,3.6495447,3.6649608551801354
0.419,3.68092149539928,3.6498810591026323,3.665401277250956
0.42,3.6812453778572882,3.6503218640587756,3.665783620958032
0.421,3.6816601239289395,3.6506674,3.66616376196447
0.422,3.6820550640990746,3.6510713799588883,3.6665632220289814
0.423,3.682612107731322,3.651565229214426,3.667088668472874
0.424,3.6828984968225025,3.6519195152460244,3.6674090060342635
0.425,3.6833771534910604,3.652366938428806,3.667872045959933
0.426,3.6836360787651414,3.6527711210284357,3.6682035998967883
0.427,3.684124186940672,3.653209439096142,3.6686668130184072
0.428,3.684377355525628,3.6536517045602928,3.6690145300429604
0.429,3.6849527,3.6538371616191183,3.6693949308095593
0.43,3.685251577653959,3.6543485444973363,3.6698000610756476
0.431,3.6856863470444177,3.6549056369343624,3.67029599198939
0.432,3.6863464345285757,3.6553161266982332,3.6708312806134042
0.433,3.6864367777268656,3.6555909972022156,3.6710138874645404
0.434,3.68687601399609,3.6561116159297353,3.6714938149629126
0.435,3.687170198046878,3.6566671971383125,3.671918697592595
0.436,3.687840419715966,3.6568299163349622,3.672335168025464
0.437,3.6882514671692403,3.6574010780623003,3.6728262726157705
0.438,3.688785433933226,3.657820542808849,3.6733029883710375
0.439,3.6890521557706757,3.6583391913883605,3.673695673579518
0.44,3.6892518366147247,3.6587520959143123,3.6740019662645187
0.441,3.6899767321043666,3.6592548490656545,3.6746157905850105
0.442,3.690409782422588,3.659529805908578,3.674969794165583
0.443,3.69087154552523,3.660219156796884,3.675545351161057
0.444,3.6913240819666995,3.660506674637208,3.675915378301954
0.445,3.6918198105333637,3.660893,3.6763564052666817
0.446,3.692296519277701,3.661404164905748,3.6768503420917247
0.447,3.6927181873861716,3.661944223458951,3.6773312054225613
0.448,3.6931627302950667,3.6622681477487085,3.6777154390218874
0.449,3.6935099501050757,3.662685763011987,3.6780978565585314
0.45,3.6938704747668276,3.6632187,3.6785445873834135
0.451,3.6943362819629577,3.66383605831366,3.6790861701383086
0.452,3.695141301099889,3.664136624367475,3.679638962733682
0.453,3.6954032110396056,3.6647309148627176,3.680067062951162
0.454,3.6959424533934397,3.6650634,3.68050292669672
0.455,3.696297344569581,3.6656608828796604,3.6809791137246206
0.456,3.696849116126103,3.6660543031171215,3.681451709621612
0.457,3.697246625431663,3.6665455069919948,3.681896066211829
0.458,3.6977589920486014,3.6670280368469643,3.682393514447783
0.459,3.698310657938633,3.667641778959841,3.682976218449237
0.46,3.698763665832662,3.6681765404040876,3.683470103118375
0.461,3.6991908746272935,3.6685942462753856,3.6838925604513397
0.462,3.6997386068135913,3.6691781081065544,3.684458357460073
0.463,3.700074518430805,3.6695496340741203,3.6848120762524625
0.464,3.7007318627047163,3.670127958788644,3.68542991074668
0.465,3.701233779030504,3.6705903468896217,3.685912062960063
0.466,3.70168668805844,3.6709292705197996,3.68630797928912
0.467,3.702311595540559,3.67163169073002,3.6869716431352897
0.468,3.7028716743538217,3.6717795452931083,3.687325609823465
0.46900000000000003,3.7034388,3.672497971980283,3.6879683859901413
0.47000000000000003,3.7036793,3.6730589585274664,3.6883691292637333
0.47100000000000003,3.704152103980456,3.67360414209994,3.688878123040198
0.47200000000000003,3.704695325620799,3.6741269128065204,3.6894111192136596
0.47300000000000003,3.705219213401967,3.674712688751213,3.68996595107659
0.47400000000000003,3.7057759547258375,3.6750942938496105,3.690435124287724
0.47500000000000003,3.7063918828797413,3.6757298,3.691060841439871
0.47600000000000003,3.706942478937791,3.6762980452992142,3.6916202621185024
0.47700000000000004,3.70741271179676,3.676875339398663,3.6921440255977114
0.47800000000000004,3.7078724957946543,3.6773832261607087,3.6926278609776815
0.47900000000000004,3.708457010218862,3.677856053559616,3.693156531889239
0.48,3.7090120910883213,3.678545046616936,3.6937785688526286
0.481,3.709614,3.6788934181987254,3.694253709099363
0.482,3.710485892718093,3.679657815567015,3.695071854142554
0.483,3.710723088490678,3.6802355241635136,3.695479306327096
0.484,3.71137594535477,3.6807589520779502,3.6960674487163603
0.485,3.711964105066914,3.681171746265982,3.696567925666448
0.486,3.7124942406093266,3.681857133577742,3.6971756870935346
0.487,3.7130227,3.6823063,3.6976645
0.488,3.7137334530036585,3.682812390256772,3.698272921630215
0.489,3.7142874988996866,3.683456514612127,3.6988720067559067
0.49,3.714869109186576,3.684127810835649,3.6994984600111125
0.491,3.7154885134859414,3.6847813996672762,3.700134956576609
0.492,3.716010718566348,3.6852819332843207,3.7006463259253346
0.493,3.7166407367451493,3.686033406786485,3.701337071765817
0.494,3.7173037944808764,3.6863691788907422,3.701836486685809
0.495,3.7177660412090043,3.6870864359195967,3.7024262385643008
0.496,3.7185048743643523,3.687926248058331,3.7032155612113415
0.497,3.718957734591077,3.6885148530960086,3.7037362938435425
0.498,3.7196010078889143,3.6891931559300017,3.704397081909458
0.499,3.7203207,3.689656490008254,3.704988595004127
0.5,3.720927075372722,3.6902819347033784,3.70560450503805
0.501,3.7217093451203933,3.690793004957335,3.7062511750388643
0.502,3.722162540643456,3.69157934729934,3.7068709439713983
0.503,3.7227797150928565,3.692133499011208,3.7074566070520323
0.504,3.723321918050146,3.692764235624244,3.7080430768371953
0.505,3.7241094002500934,3.6934137,3.708761550125047
0.506,3.7248880099854236,3.694093175408803,3.7094905926971133
0.507,3.725471634276543,3.6947574856408227,3.710114559958683
0.508,3.7260802313639436,3.695581948108539,3.7108310897362413
0.509,3.72688353993181,3.696080761338382,3.7114821506350957
0.51,3.7274928999880017,3.6966748359751223,3.712083867981562
0.511,3.728043300974675,3.6974058202638225,3.7127245606192485
0.512,3.7288126301388496,3.698062623385182,3.7134376267620155
0.513,3.729243656333529,3.6987257413699686,3.713984698851749
0.514,3.7301194202741526,3.6993887,3.7147540601370763
0.515,3.7309422848348257,3.700252579440794,3.71559743213781
0.516,3.731709,3.7009643981823297,3.7163366990911646
0.517,3.7322237114302093,3.701544818011802,3.7168842647210054
0.518,3.7331038540761194,3.7023837653495915,3.7177438097128555
0.519,3.7337732316162384,3.703102024915021,3.7184376282656295
0.52,3.7345428126863625,3.7036599473476137,3.719101380016988
0.521,3.735237526062788,3.7043294147287176,3.719783470395753
0.522,3.7359298643364682,3.7050379276050602,3.720483895970764
0.523,3.736636936894189,3.705925,3.7212809684470947
0.524,3.7376058977098356,3.7066121594655512,3.7221090285876937
0.525,3.738085,3.7073286,3.7227068
0.526,3.738914812367254,3.7080046152539583,3.7234597138106063
0.527,3.7394483,3.708772773340608,3.7241105366703042
0.528,3.7404814450073385,3.709553524403229,3.7250174847052837
0.529,3.7410617923376566,3.7103106361925646,3.7256862142651106
0.53,3.7419887042293536,3.7112568420116427,3.726622773120498
0.531,3.7427922513609975,3.7119391751250275,3.7273657132430125
0.532,3.7437283229372276,3.7125877950814625,3.728158059009345
0.533,3.7443217980528045,3.7135439,3.7289328490264024
0.534,3.7449971493962653,3.714302149752598,3.729649649574432
0.535,3.7458831266679975,3.7150276,3.7304553633339985
0.536,3.7467866,3.715588749731921,3.7311876748659607
0.537,3.7475147451799455,3.7165541565289377,3.7320344508544414
0.538,3.7482935506215105,3.7175747129448533,3.732934131783182
0.539,3.7490980526828537,3.7181921428512212,3.7336450977670372
0.54,3.7499069171357573,3.719261340509881,3.734584128822819
0.541,3.7510616355116584,3.719927139810582,3.73549438766112
0.542,3.7517222541700543,3.720750634146668,3.736236444158361
0.543,3.7524578556124064,3.721714182486869,3.737086019049638
0.544,3.7535233,3.7224026654475693,3.7379629827237846
0.545,3.7541868302563937,3.7233694465259988,3.738778138391196
0.546,3.755105622139638,3.724298380371175,3.7397020012554067
0.547,3.7560496,3.7250754296094177,3.740562514804709
0.548,3.7569307678059864,3.7259134640466987,3.7414221159263423
0.549,3.75766660986531,3.7267850887487293,3.7422258493070197
0.55,3.758650139331571,3.727598129278595,3.743124134305083
0.551,3.759515437547759,3.728693129599873,3.744104283573816
0.552,3.7603842420699443,3.7293265213067626,3.744855381688353
0.553,3.7613083849616427,3.7304092589810693,3.745858821971356
0.554,3.7622671363602644,3.7313606863996935,3.746813911379979
0.555,3.763321445142324,3.7323790308576115,3.747850237999968
0.556,3.7643027228449677,3.733191106111638,3.7487469144783025
0.557,3.765286846970876,3.7342499522858854,3.7497683996283806
0.558,3.7660936709727166,3.735144805444962,3.7506192382088392
0.559,3.7671091506872596,3.736079576510949,3.7515943635991045
0.56,3.7680855561770117,3.7370526671002517,3.752569111638632
0.561,3.769049463593134,3.7381838522322877,3.753616657912711
0.562,3.7700581156398307,3.7391282023123344,3.754593158976083
0.5630000000000001,3.771151589361899,3.740184217554442,3.7556679034581704
0.5640000000000001,3.7722306813206856,3.741064883567418,3.756647782444052
0.5650000000000001,3.773123480854702,3.7420387642083672,3.7575811225315343
0.5660000000000001,3.7743135410912343,3.7431661055796677,3.7587398233354508
0.5670000000000001,3.775604281831511,3.7441320710754904,3.7598681764535007
0.5680000000000001,3.776473157840512,3.7451799113089255,3.7608265345747185
0.5690000000000001,3.7774206545103275,3.7462874777801525,3.76185406614524
0.5700000000000001,3.7785678160141356,3.7474251335626505,3.762996474788393
0.5710000000000001,3.779548743759841,3.7484289905682715,3.7639888671640565
0.5720000000000001,3.780631456317979,3.7494756491334322,3.7650535527257056
0.5730000000000001,3.7818324370623295,3.7506735896212406,3.7662530133417853
0.5740000000000001,3.783049569342205,3.7516423293570496,3.767345949349627
0.5750000000000001,3.7840089621496236,3.752738453470401,3.7683737078100124
0.5760000000000001,3.7856377629001323,3.7541031514185694,3.769870457159351
0.577,3.7867078700266035,3.755205715555971,3.7709567927912873
0.578,3.7878512697465316,3.7562358334571546,3.7720435516018433
0.579,3.788756511333763,3.7576537,3.7732051056668814
0.58,3.790415637947831,3.7587780702614215,3.774596854104626
0.581,3.7914323427605954,3.759904040135999,3.7756681914482972
0.582,3.7927497191444366,3.761216755228137,3.776983237186287
0.583,3.794024,3.7624638467835707,3.778243923391785
0.584,3.7953984346174154,3.763649702532482,3.7795240685749487
0.585,3.796716270437494,3.7649204290910285,3.780818349764261
0.586,3.7982997970292693,3.766289734647922,3.7822947658385955
0.587,3.7993273794980578,3.7673546844247663,3.7833410319614122
0.588,3.80078091554848,3.7688675161284904,3.7848242158384853
0.589,3.8024700080450944,3.7702434384011783,3.786356723223136
0.59,3.803947737082953,3.7713678716527212,3.787657804367837
0.591,3.805322777662143,3.7726859995890405,3.7890043886255915
0.592,3.8069112512194216,3.774166923314152,3.7905390872667866
0.593,3.8084402645373814,3.7755783,3.7920092822686904
0.594,3.8099417875023276,3.7768783893934175,3.7934100884478728
0.595,3.8113256219173253,3.7782306136501664,3.794778117783746
0.596,3.812860584529942,3.7797009272424256,3.7962807558861837
0.597,3.8145837205866777,3.781222873801536,3.797903297194107
0.598,3.8162345534649016,3.782446867800274,3.799340710632588
0.599,3.817787403675335,3.7839729383811305,3.8008801710282327
0.6,3.8194353162932337,3.785432843418768,3.802434079856001
0.601,3.8210168326187115,3.7869356295327097,3.8039762310757106
0.602,3.822581706490983,3.788364617410315,3.805473161950649
0.603,3.824077391829307,3.7900085305293625,3.807042961179335
0.604,3.8258233847759824,3.7913128538228524,3.8085681192994176
0.605,3.8273139737414374,3.7927697955884723,3.8100418846649546
0.606,3.8289912,3.7943599712192277,3.811675585609614
0.607,3.8305378164873103,3.7958134929439473,3.8131756547156286
0.608,3.8319832947939174,3.797124924048634,3.814554109421276
0.609,3.8333467817621596,3.798552872828461,3.8159498272953103
0.61,3.834887845908537,3.800093133027106,3.8174904894678217
0.611,3.8363137852105327,3.8013324238616546,3.8188231045360936
0.612,3.837706350443097,3.8030465,3.8203764252215486
0.613,3.8390082924424402,3.8043619118328107,3.8216851021376255
0.614,3.8404570814759587,3.8057226459328923,3.8230898637044257
0.615,3.841878114398844,3.8071578929660315,3.8245180036824378
0.616,3.843139244355075,3.80859248191783,3.8258658631364524
0.617,3.8443374713576905,3.8101442,3.827240835678845
0.618,3.8455223089254633,3.811506230238622,3.8285142695820427
0.619,3.8469944544766803,3.81302434341221,3.830009398944445
0.62,3.848086780018229,3.814220245484345,3.8311535127512872
0.621,3.8492528184989316,3.8158078682920324,3.832530343395482
0.622,3.8505247,3.8172579324593348,3.8338913162296673
0.623,3.851636890179757,3.818485,3.8350609450898787
0.624,3.852886521505037,3.8196649503131215,3.836275735909079
0.625,3.854230730274466,3.821226897068029,3.8377288136712475
0.626,3.8552440664685412,3.822503598894629,3.8388738326815854
0.627,3.8564594,3.8238228847776337,3.8401411423888168
0.628,3.8576214076227244,3.8250718025677326,3.8413466050952287
0.629,3.858790610029229,3.826740842264671,3.8427657261469497
0.63,3.859955910531554,3.827713818727892,3.8438348646297227
0.631,3.861078884490868,3.8291239016050587,3.8451013930479636
0.632,3.8622461258638783,3.830420155385242,3.8463331406245604
0.633,3.863193826933222,3.8318146559955495,3.847504241464386
0.634,3.8645470859863837,3.8330081415601063,3.848777613773245
0.635,3.865583698736094,3.8342759653246627,3.8499298320303783
0.636,3.8668451,3.8358322373917697,3.8513386686958846
0.637,3.8678876416038115,3.8371484142266734,3.8525180279152424
0.638,3.86928072202651,3.8384404572885416,3.8538605896575255
0.639,3.870030066234821,3.8398360193107357,3.854933042772778
0.64,3.8713819257468005,3.840941208349239,3.85616156704802
0.641,3.8724976497262604,3.8421744807335068,3.857336065229884
0.642,3.873508854183829,3.8436275,3.8585681770919145
0.643,3.8748432834724795,3.8448276405189272,3.8598354619957034
0.644,3.875972134601719,3.84612568836525,3.8610489114834845
0.645,3.876948089238737,3.84728357601974,3.8621158326292386
0.646,3.878100947614778,3.848718203132073,3.863409575373425
0.647,3.879567705049969,3.849903922898944,3.8647358139744563
0.648,3.8805449857038385,3.85124292610534,3.865893955904589
0.649,3.8814906269082736,3.8524895,3.8669900634541365
0.65,3.882953238464216,3.8538488780486104,3.8684010582564134
0.651,3.883991181459815,3.8549750484738947,3.869483114966855
0.652,3.885001284551494,3.856145680501858,3.8705734825266758
0.653,3.8862357719104557,3.8575990859631775,3.8719174289368166
0.654,3.8874264904565856,3.8586588785184843,3.873042684487535
0.655,3.888652265319165,3.8598678,3.874260032659582
0.656,3.889746208686584,3.8613189991637165,3.8755326039251505
0.657,3.8909013659932503,3.8626104176543974,3.876755891823824
0.658,3.8920748756834134,3.8637263408534954,3.8779006082684546
0.659,3.8932441931565958,3.8648703507765294,3.8790572719665626
0.66,3.894399505910301,3.866106304417485,3.8802529051638928
0.661,3.895539390127226,3.8674556363652886,3.8814975132462575
0.662,3.896808483098859,3.8684681077434764,3.8826382954211676
0.663,3.8977581631026728,3.870000895528362,3.883879529315517
0.664,3.89916399631365,3.8710871086966416,3.885125552505146
0.665,3.900400053271244,3.8724655341850736,3.886432793728159
0.666,3.9014682875588638,3.8735494509729227,3.8875088692658935
0.667,3.9024267056315636,3.8747449,3.888585802815782
0.668,3.9037371,3.875820840832882,3.889778970416441
0.669,3.9049891855119583,3.8771508,3.891069992755979
0.67,3.9060628,3.8785384500961873,3.892300625048094
0.671,3.9072167540048657,3.879729942883458,3.8934733484441617
0.672,3.9083902480908583,3.8811001484888066,3.8947451982898325
0.673,3.9096057507302264,3.8821103721162737,3.89585806142325
0.674,3.9108337441044547,3.88318931875989,3.897011531432172
0.675,3.911797780558201,3.88445245431066,3.8981251174344305
0.676,3.913177923154002,3.885648910331875,3.8994134167429384
0.677,3.9141773471712775,3.8869850717152876,3.9005812094432826
0.678,3.9156466,3.8881603038309707,3.9019034519154854
0.679,3.9166750553762952,3.88953722866976,3.9031061420230273
0.68,3.9179493233323432,3.8906282553616607,3.904288789347002
0.681,3.9188709021159887,3.8915927956800798,3.905231848898034
0.682,3.9201644689265627,3.8929904,3.9065774344632813
0.683,3.921191954725607,3.894149853527751,3.907670904126679
0.684,3.9225438,3.8953403352660123,3.9089420676330064
0.685,3.923690693542747,3.896492383230969,3.910091538386858
0.686,3.9247494,3.8977257659439126,3.9112375829719563
0.687,3.925992468559342,3.89912051937608,3.9125564939677107
0.6880000000000001,3.9271553,3.9002927347368463,3.9137240173684233
0.6890000000000001,3.928307486167934,3.9012671738932303,3.914787330030582
0.6900000000000001,3.9294891059189268,3.9024420989255555,3.915965602422241
0.6910000000000001,3.9305426533409737,3.9037494202464775,3.9171460367937256
0.6920000000000001,3.9318459725421104,3.9050193653828713,3.918432668962491
0.6930000000000001,3.932968100878214,3.9060851372006034,3.9195266190394085
0.6940000000000001,3.9340925,3.907350136504183,3.9207213182520917
0.6950000000000001,3.935455368859654,3.9085243290999365,3.9219898489797953
0.6960000000000001,3.936482730257945,3.9098673942546642,3.9231750622563046
0.6970000000000001,3.937619369377745,3.9109990982775718,3.9243092338276586
0.6980000000000001,3.9387758931847707,3.9118740947632658,3.9253249939740185
0.6990000000000001,3.9399941323426257,3.913420410200267,3.9267072712714466
0.7000000000000001,3.941200308511162,3.9143581944754917,3.9277792514933267
0.7010000000000001,3.9424488965169853,3.915508623466642,3.9289787599918133
0.7020000000000001,3.943359348194826,3.9167889644343354,3.9300741563145807
0.7030000000000001,3.9447764686812334,3.9181254117809323,3.931450940231083
0.704,3.945868136515383,3.9192820917231814,3.932575114119282
0.705,3.947065228580462,3.9202944550191035,3.9336798417997825
0.706,3.9482865150067217,3.9216005137019683,3.934943514354345
0.707,3.9493706,3.922661505837123,3.9360160529185615
0.708,3.950675209985046,3.9239325852384908,3.9373038976117685
0.709,3.9517205410554244,3.9249506328586348,3.9383355869570296
0.71,3.9528968354754075,3.9260818840234646,3.939489359749436
0.711,3.954195569929056,3.927532155555173,3.9408638627421144
0.712,3.9551219138828753,3.9285216164356864,3.941821765159281
0.713,3.9563954888491732,3.929864560552532,3.943130024700853
0.714,3.9576712,3.9311595406296975,3.944415370314849
0.715,3.958745466317244,3.9322879,3.9455166831586217
0.716,3.959851167307931,3.9332412790089415,3.9465462231584363
0.717,3.9609191,3.9346067940336704,3.947762947016835
0.718,3.9623206764377628,3.935760689014556,3.9490406827261593
0.719,3.963282872271853,3.9369651374192647,3.950124004845559
0.72,3.9644268614273015,3.9382629,3.9513448807136506
0.721,3.9657711314975646,3.9393504733629907,3.952560802430278
0.722,3.966806460861861,3.9405414951061317,3.9536739779839962
0.723,3.9679529612176396,3.941796453442382,3.954874707330011
0.724,3.969164577717367,3.942852545165688,3.9560085614415277
0.725,3.9703343462798544,3.9439130842648544,3.9571237152723544
0.726,3.9716258,3.9451698273769673,3.9583978136884834
0.727,3.9725962100620693,3.9466693058338156,3.9596327579479427
0.728,3.973780697392387,3.947575051022203,3.960677874207295
0.729,3.9750342,3.9488498055695103,3.961942002784755
0.73,3.976085605332515,3.9500923,3.963088952666258
0.731,3.977427086988425,3.9511961778570224,3.9643116324227234
0.732,3.9785631,3.952669298066364,3.9656161990331817
0.733,3.979517491717729,3.9536211,3.9665692958588643
0.734,3.9808674664680335,3.9547088595499837,3.9677881630090086
0.735,3.9819459353103777,3.9557594725462333,3.9688527039283055
0.736,3.9832142474074104,3.9570388529048373,3.970126550156124
0.737,3.9843184222853876,3.9582671744816076,3.9712927983834976
0.738,3.9855240045840192,3.9593633926868743,3.9724436986354466
0.739,3.986550972684098,3.9606642112174373,3.973607591950768
0.74,3.9880212647647215,3.961963145558059,3.9749922051613904
0.741,3.9890422283784517,3.9630415893429354,3.9760419088606938
0.742,3.9903595461483934,3.9641674,3.9772634730741965
0.743,3.991460039415236,3.9653871620881636,3.9784236007516998
0.744,3.9925753221701243,3.966696098903709,3.9796357105369164
0.745,3.9936707780535663,3.967810976136889,3.9807408770952275
0.746,3.9948161469947165,3.96889528507188,3.9818557160332984
0.747,3.9961991184251207,3.970167584844521,3.9831833516348207
0.748,3.997356741213899,3.971317009240226,3.9843368752270623
0.749,3.9984713660759987,3.9725590845087524,3.9855152252923753
0.75,3.999676449094927,3.9736333848731396,3.9866549169840333
0.751,4.000897428394866,3.975008968356153,3.98795319837551
0.752,4.002056395518757,3.9762103913310076,3.9891333934248823
0.753,4.003206631641006,3.9772596643082405,3.990233147974623
0.754,4.004248237036019,3.9786578014376235,3.991453019236821
0.755,4.005543175860144,3.979858196438722,3.9927006861494325
0.756,4.006778141199454,3.9810866329754915,3.9939323870874723
0.757,4.007844096184088,3.982035074981724,3.994939585582906
0.758,4.0092734817389095,3.983285549453102,3.996279515596006
0.759,4.010291286049518,3.984430879417809,3.997361082733663
0.76,4.011504533047959,3.9857374810440227,3.998621007045991
0.761,4.012802242467135,3.9870241,3.9999131712335676
0.762,4.013756358996654,3.9881784395686704,4.000967399282662
0.763,4.015007395228154,3.9892997701483206,4.002153582688237
0.764,4.016244156358111,3.9906121132430528,4.003428134800582
0.765,4.017434223270816,3.9918764,4.004655311635408
0.766,4.018466957422987,3.993027157263275,4.005747057343131
0.767,4.020033754989841,3.994339630775355,4.007186692882598
0.768,4.020977948764627,3.995576152885747,4.008277050825187
0.769,4.022278469780255,3.996655340058191,4.009466904919223
0.77,4.023436499747953,3.997872135972339,4.010654317860146
0.771,4.024729196639754,3.998947494547654,4.011838345593704
0.772,4.0260023654895445,4.000217,4.013109682744773
0.773,4.0270839,4.0015402,4.01431205
0.774,4.0284044234250915,4.0026631,4.015533761712546
0.775,4.0294895,4.003923105407168,4.016706302703584
0.776,4.03074363870499,4.005328990206247,4.018036314455619
0.777,4.032016798331697,4.006389393150942,4.01920309574132
0.778,4.033061280047321,4.007371072550688,4.020216176299005
0.779,4.034261296311099,4.0088382,4.021549748155549
0.78,4.035416474206032,4.010176874831264,4.0227966745186485
0.781,4.036616531496922,4.011327266129708,4.023971898813315
0.782,4.0378898232964255,4.012512981823151,4.025201402559788
0.783,4.039265464216507,4.0136718270645675,4.026468645640538
0.784,4.040198141285886,4.014969542249005,4.027583841767445
0.785,4.041436122638682,4.016141998036484,4.0287890603375835
0.786,4.0428028,4.017369777218167,4.030086288609083
0.787,4.043760670258277,4.018672881576696,4.031216775917486
0.788,4.045071517802151,4.0197689044899425,4.0324202111460465
0.789,4.046174273348443,4.021201018970414,4.033687646159429
0.79,4.047584033987142,4.022339863490653,4.034961948738897
0.791,4.048678455689978,4.023680121265369,4.0361792884776735
0.792,4.049848552721765,4.024835996308885,4.037342274515325
0.793,4.051107240292452,4.026091331049844,4.038599285671148
0.794,4.052354849348852,4.027349581616629,4.039852215482741
0.795,4.0536927684470125,4.0284257206710805,4.0410592445590465
0.796,4.05465208478433,4.029807457610658,4.042229771197494
0.797,4.055946811164836,4.0308533,4.043400055582419
0.798,4.057188999403947,4.032402983273325,4.044795991338637
0.799,4.058293504758304,4.033378934270779,4.045836219514541
0.8,4.059416768843937,4.034649358977903,4.04703306391092
0.801,4.060975508203764,4.036005952020142,4.048490730111953
0.802,4.062054186509788,4.03730883903035,4.04968151277007
0.803,4.063210235177425,4.03839915528439,4.050804695230907
0.804,4.064617052356766,4.039568694526206,4.052092873441486
0.805,4.0656912566474555,4.040812214206945,4.0532517354272
0.806,4.0669112547373425,4.042161,4.054536127368671
0.807,4.068073974686491,4.043319031822684,4.0556965032545875
0.808,4.069233250069861,4.044603288794546,4.056918269432204
0.809,4.070485066745615,4.045831863162907,4.058158464954261
0.81,4.071771666521694,4.0471334,4.059452533260847
0.811,4.072958,4.0482564,4.0606072
0.812,4.074034753951631,4.049589540845722,4.061812147398676
0.8130000000000001,4.075475793685918,4.050745737198092,4.063110765442005
0.8140000000000001,4.0765266,4.052021635015341,4.06427411750767
0.8150000000000001,4.0778098,4.0531145484506395,4.06546217422532
0.8160000000000001,4.0790220021550985,4.054317825174821,4.06666991366496
0.8170000000000001,4.080363792204269,4.055562672381415,4.067963232292842
0.8180000000000001,4.081378084594518,4.056931268619914,4.069154676607216
0.8190000000000001,4.082582888853033,4.058280667049219,4.070431777951127
0.8200000000000001,4.083974674167162,4.059257183790396,4.071615928978779
0.8210000000000001,4.085076740865984,4.06071363744803,4.072895189157007
0.8220000000000001,4.086142805020422,4.061886455017058,4.074014630018739
0.8230000000000001,4.087444381913955,4.0631985703982565,4.075321476156105
0.8240000000000001,4.088823616814472,4.0645268536076875,4.07667523521108
0.8250000000000001,4.0898399,4.065429552816984,4.077634726408492
0.8260000000000001,4.091158061544422,4.0669827,4.079070380772211
0.8270000000000001,4.0923262,4.0681830379390265,4.080254618969513
0.8280000000000001,4.093665858117124,4.069121708214034,4.081393783165579
0.8290000000000001,4.094743586152989,4.070373683210683,4.082558634681836
0.8300000000000001,4.096045858898045,4.071942023364846,4.083993941131446
0.8310000000000001,4.097169579606278,4.0731983,4.085183939803139
0.8320000000000001,4.098401885787184,4.074324111422186,4.0863629986046845
0.833,4.0997443,4.0754843,4.0876143
0.834,4.100746540592897,4.0767140804327235,4.08873031051281
0.835,4.1018696,4.0780106,4.0899401
0.836,4.1034260634224635,4.078967982666369,4.091197023044416
0.837,4.1045672912180144,4.080492191813823,4.092529741515919
0.838,4.10558545081561,4.08169461816076,4.093640034488185
0.839,4.106802,4.082899805795176,4.094850902897588
0.84,4.107979679182914,4.084062790468264,4.096021234825589
0.841,4.109428022391963,4.08528979056892,4.097358906480442
0.842,4.1104846795805505,4.086431638106998,4.0984581588437745
0.843,4.111545478437991,4.08768161604994,4.099613547243965
0.844,4.1127534019648095,4.08894383753488,4.100848619749845
0.845,4.114212792649304,4.090101427103159,4.102157109876231
0.846,4.1152935584474575,4.091489680982098,4.1033916197147775
0.847,4.116445894190808,4.092666073449668,4.104555983820238
0.848,4.117477947247371,4.09388360504553,4.105680776146451
0.849,4.1187155705832685,4.0950928,4.106904185291635
0.85,4.119939128207575,4.0961757,4.108057414103787
0.851,4.121193332182491,4.097490321118689,4.10934182665059
0.852,4.12256569354844,4.0989337162532005,4.110749704900821
0.853,4.1236371243135475,4.099903522667484,4.111770323490516
0.854,4.124702473685576,4.1013885,4.113045486842788
0.855,4.125882958067211,4.102337896410974,4.114110427239092
0.856,4.12715654579126,4.103573574406819,4.115365060099039
0.857,4.1283453740886245,4.104785472597006,4.116565423342815
0.858,4.129595436438644,4.1061075889519,4.117851512695272
0.859,4.1306013228489125,4.107319774135824,4.118960548492368
0.86,4.1317947203634775,4.108534677654844,4.120164699009161
0.861,4.132995865833194,4.1096091,4.121302482916597
0.862,4.134269390761603,4.11082944850685,4.122549419634227
0.863,4.135322580966876,4.1119747,4.123648640483438
0.864,4.136787736272627,4.11322414437002,4.125005940321323
0.865,4.137775392995515,4.1144398494438414,4.126107621219678
0.866,4.138756737798075,4.115672204893026,4.1272144713455505
0.867,4.140143602771282,4.116919944453731,4.128531773612506
0.868,4.1411276,4.118027197867811,4.129577398933906
0.869,4.142462111459526,4.119137527955855,4.130799819707691
0.87,4.143632438432454,4.120439105680468,4.1320357720564616
0.871,4.145057050633177,4.121410240472198,4.1332336455526875
0.872,4.145872373942386,4.122814632572136,4.134343503257261
0.873,4.147370921136142,4.123984999900858,4.1356779605185
0.874,4.148237276222455,4.125141952555336,4.136689614388896
0.875,4.149505720688064,4.12627241426935,4.1378890674787066
0.876,4.150570589543764,4.127610983575789,4.139090786559777
0.877,4.151755286179558,4.128806728376103,4.140281007277831
0.878,4.152960282022144,4.129893167860409,4.141426724941276
0.879,4.154206012558971,4.1310165281790745,4.142611270369023
0.88,4.1554832,4.132246024714375,4.143864612357188
0.881,4.156531723275165,4.133232853404919,4.1448822883400425
0.882,4.157596002299827,4.134583941670723,4.146089971985274
0.883,4.1588116,4.135658216443197,4.1472349082215985
0.884,4.1600142161633435,4.137039501056001,4.148526858609673
0.885,4.161113944544188,4.138186347798352,4.14965014617127
0.886,4.162253291444349,4.139257363163172,4.150755327303761
0.887,4.163408406135737,4.140606749875694,4.1520075780057155
0.888,4.164687876679974,4.14160045599066,4.153144166335316
0.889,4.165632933546975,4.1426562626452235,4.154144598096099
0.89,4.166951103890312,4.143943470564538,4.155447287227425
0.891,4.168331287580963,4.145126718932751,4.1567290032568565
0.892,4.169339236634268,4.14650407391932,4.157921655276794
0.893,4.170469251947221,4.1475799538115625,4.159024602879391
0.894,4.171739040074174,4.148521355225137,4.160130197649655
0.895,4.172540898948104,4.149846570571218,4.161193734759661
0.896,4.173885627527867,4.151016629648892,4.16245112858838
0.897,4.175157933875502,4.15237122602255,4.163764579949026
0.898,4.176162815546141,4.153313692757396,4.164738254151769
0.899,4.177317783069728,4.1544805,4.165899141534863
0.9,4.178369763914462,4.155670693626301,4.167020228770381
0.901,4.179617096525476,4.1567068297725696,4.168161963149023
0.902,4.180679866367312,4.158012653722025,4.1693462600446685
0.903,4.181945903484321,4.159066804353244,4.170506353918782
0.904,4.182971663158652,4.160110789929459,4.171541226544056
0.905,4.183995824035906,4.1613779,4.172686862017953
0.906,4.1854435324664365,4.162539289602203,4.17399141103432
0.907,4.1865111576713145,4.163736959949948,4.175124058810631
0.908,4.187516131631636,4.164905272749021,4.176210702190328
0.909,4.188666612663985,4.1661841643619715,4.177425388512978
0.91,4.189837865543985,4.16718479112169,4.178511328332837
0.911,4.19087641564458,4.168341252843304,4.179608834243942
0.912,4.1920943,4.169547095676219,4.18082069783811
0.913,4.193304504248958,4.1707611,4.182032802124478
0.914,4.1943681066878575,4.1718841,4.183126103343929
0.915,4.1955829,4.172885724457615,4.184234312228807
0.916,4.19655191782675,4.17400652104361,4.185279219435181
0.917,4.197864037389632,4.17519732007153,4.1865306787305805
0.918,4.198893541965896,4.176415362649614,4.187654452307755
0.919,4.2000021158900385,4.1777163042210885,4.188859210055563
0.92,4.201114655926843,4.1785808,4.189847727963421
0.921,4.2022348014666235,4.179825794183192,4.191030297824907
0.922,4.203471402362952,4.181061444369828,4.19226642336639
0.923,4.204625070419863,4.182258625354848,4.193441847887355
0.924,4.2056118987245545,4.1832565870264276,4.1944342428754915
0.925,4.206701235502408,4.184544105969428,4.195622670735918
0.926,4.208099701950822,4.185593407613148,4.196846554781985
0.927,4.20887288603379,4.186608237179842,4.197740561606816
0.928,4.210010206735204,4.1877632,4.198886703367602
0.929,4.211246778635434,4.188959307374665,4.20010304300505
0.93,4.2124524638056355,4.190273033645071,4.201362748725353
0.931,4.213545779991902,4.1913703695094116,4.202458074750657
0.932,4.214813670978618,4.192650693071429,4.203732182025023
0.933,4.215870060328001,4.193546418942079,4.20470823963504
0.934,4.216855792109838,4.1947808,4.205818296054919
0.935,4.217841632744988,4.1959406940773984,4.206891163411193
0.936,4.219114829739997,4.196989171000231,4.208052000370114
0.937,4.220386318138352,4.198313984281384,4.209350151209868
0.9380000000000001,4.221419803352532,4.199432113957411,4.210425958654971
0.9390000000000001,4.2224593161192745,4.2005765770032335,4.211517946561254
0.9400000000000001,4.223812206475597,4.202006622198531,4.212909414337064
0.9410000000000001,4.224984970010178,4.202940966780963,4.21396296839557
0.9420000000000001,4.226275092244704,4.204003137397777,4.21513911482124
0.9430000000000001,4.226928955690903,4.204954686110578,4.21594182090074
0.9440000000000001,4.2283044,4.206814241080346,4.217559320540174
0.9450000000000001,4.22956140960698,4.207413882329553,4.218487645968267
0.9460000000000001,4.230677327431647,4.2088799,4.219778613715824
0.9470000000000001,4.231666132720997,4.210156507483904,4.22091132010245
0.9480000000000001,4.232933271859378,4.211185497145688,4.222059384502533
0.9490000000000001,4.234077469936066,4.212261306461505,4.2231693881987855
0.9500000000000001,4.2352815,4.2136185302771025,4.224450015138551
0.9510000000000001,4.236255135179288,4.215114830451455,4.2256849828153715
0.9520000000000001,4.237508586129333,4.2161779,4.226843243064666
0.9530000000000001,4.238794268940803,4.217196582177758,4.22799542555928
0.9540000000000001,4.240008341866212,4.218459772432956,4.229234057149585
0.9550000000000001,4.241083521752496,4.2197167222682115,4.230400122010353
0.9560000000000001,4.242076632370239,4.221038481062301,4.23155755671627
0.9570000000000001,4.243405398673469,4.222135797809029,4.232770598241249
0.9580000000000001,4.2447052,4.22375485956479,4.234230029782395
0.9590000000000001,4.245683169733552,4.224385395751261,4.235034282742406
0.96,4.2469907,4.226017737871693,4.236504218935846
0.961,4.248227855083248,4.22717350527889,4.237700680181069
0.962,4.249364199720778,4.22883433406952,4.239099266895149
0.963,4.250643772404508,4.230090961253383,4.240367366828945
0.964,4.251664782686983,4.231402056262406,4.2415334194746945
0.965,4.2529668415845,4.232633318641961,4.242800080113231
0.966,4.254308489057305,4.233864755016998,4.244086622037152
0.967,4.255493475399759,4.234958848216064,4.245226161807912
0.968,4.256671842216938,4.236695583029691,4.246683712623314
0.969,4.2579339031257994,4.238166885865612,4.2480503944957055
0.97,4.259225397112676,4.238990554036977,4.249107975574827
0.971,4.260507421912452,4.240493924744347,4.2505006733284
0.972,4.261682692434684,4.24200172406278,4.251842208248732
0.973,4.2628303,4.243432943458624,4.253131621729312
0.974,4.2641535,4.2452094737523,4.25468148687615
0.975,4.265571000534834,4.246697066767151,4.2561340336509925
0.976,4.266986544770659,4.247923413253709,4.257454979012184
0.977,4.267868277396191,4.249189494675356,4.258528886035774
0.978,4.269397349736939,4.250894512209364,4.2601459309731515
0.979,4.270712939091811,4.252143007316903,4.261427973204357
0.98,4.271819240644741,4.253952973932526,4.262886107288633
0.981,4.273142708465844,4.255417038296447,4.264279873381145
0.982,4.274599663317996,4.256618897726612,4.265609280522304
0.983,4.275923949535109,4.258508868496583,4.267216409015846
0.984,4.277461813096004,4.2600870806126405,4.268774446854322
0.985,4.278525336253962,4.261565000323775,4.270045168288869
0.986,4.2800331,4.263341746045301,4.27168742302265
0.987,4.28131485056038,4.26483243003962,4.2730736403
0.988,4.282675951680232,4.266552305459446,4.274614128569839
0.989,4.283913536158669,4.268138647320397,4.276026091739533
0.99,4.285627684988157,4.270039264400936,4.277833474694546
0.991,4.286707591617904,4.271904617272702,4.279306104445303
0.992,4.288497958507314,4.273456883182668,4.280977420844991
0.993,4.289754028510392,4.275386752647338,4.282570390578865
0.994,4.291005411880619,4.277199086081737,4.284102248981178
0.995,4.292465661207432,4.279189591683083,4.285827626445258
0.996,4.293974278783754,4.280956851197174,4.287465564990464
0.997,4.295612360035499,4.283070186627117,4.289341273331308
0.998,4.296875,4.284984996623294,4.290929998311647
0.999,4.298476602489404,4.287480953785797,4.2929787781376
1.0,4.2998424,4.2932258,4.296534100000001
