Time (s),Speed (km/h),Normalized current (A)
0,0.0,0.003958252407496005
1,0.0,0.003958260720624502
2,0.0,0.0039582683063901555
3,0.0,0.003958275234022211
4,0.0,0.003958281566137919
5,0.0,0.0039582873593981185
6,0.0,0.003958292665087893
7,0.0,0.00395829752959733
8,0.0,0.003958301994908521
9,0.0,0.0039583060990076415
10,0.0,0.0039583098762658135
11,0.0,0.0039583133577825
12,0.0,0.003958316571703934
13,0.0,0.003958319543491594
14,0.0,0.003958322296190674
15,0.0,0.003958324850642375
16,0.0,0.0039583272257211555
17,0.0,0.003958329438484582
18,0.0,0.00395833150438561
19,0.0,0.00395833343739746
20,0.0,0.0039583352501697
21,4.828032,0.046365511822171517
22,9.495129600000002,0.13428943584353573
23,13.8403584,0.20290299796411657
24,18.507456,0.29932175415806783
25,23.0136192,0.3716756271203193
26,27.197913599999996,0.4200310045420018
27,27.8416512,0.10397574142190547
28,29.1291264,0.17458189880838118
29,33.3134208,0.5234499222362706
30,34.9227648,0.2501200763008196
31,36.0493056,0.19780494846125776
32,36.210240000000006,0.07426796134809134
33,35.5665024,-0.020436905677730956
34,34.600896,-0.048423116878354815
35,33.6352896,-0.04717976947753769
36,32.830617600000004,-0.03259782068284618
37,31.8650112,-0.04485828565535129
38,27.358848000000002,-0.30348851722981557
39,23.9792256,-0.1909198419417689
40,23.9792256,0.03431883045716194
41,24.4620288,0.07721572128997915
42,24.944832,0.0787528586705844
43,25.749504,0.11052920302398998
44,27.5197824,0.21003197291532724
45,30.738470400000004,0.38445197706900786
46,33.957158400000004,0.4275774264685737
47,36.532108799999996,0.3832955567523176
48,36.85397759999999,0.09706016306101325
49,36.532108799999996,0.011083584345641443
50,36.3711744,0.03228737090094953
51,34.2790272,-0.14848617529291766
52,30.577536000000002,-0.26703657551730653
53,27.5197824,-0.19266242065512457
54,25.4276352,-0.11159916041666088
55,25.4276352,0.036385002451883336
56,28.4853888,0.3395873577483702
57,31.8650112,0.41625330366128643
58,34.7618304,0.40117198373447266
59,37.3367808,0.39226274662261695
60,38.9461248,0.2806345364982053
61,39.5898624,0.1506764740428216
62,40.0726656,0.12962418326767167
63,40.2336,0.08366530010054826
64,39.5898624,-0.02209767638609918
65,39.428928,0.03583197463604669
66,39.7507968,0.10551887967828993
67,39.9117312,0.08288233839801412
68,39.7507968,0.03621853836937382
69,39.5898624,0.03602234938415221
70,39.5898624,0.05910519423462521
71,40.3945344,0.1771219603517425
72,41.1992064,0.1809561687927785
73,41.360140799999996,0.0863677696740729
74,40.8773376,-0.005904947074023712
75,40.0726656,-0.038653582523301366
76,40.2336,0.08363887161655983
77,40.8773376,0.15597182617272626
78,41.842944,0.2079462176978853
79,41.842944,0.06322175497400956
80,41.360140799999996,-0.005874319413782587
81,42.003878400000005,0.16069554510973325
82,42.969484800000004,0.21402996401109245
83,44.25696,0.27149595516042185
84,46.0272384,0.3615628211793463
85,47.1537792,0.26402010533268394
86,47.9584512,0.21401434993728224
87,48.441254400000005,0.16059073817697547
88,48.924057600000005,0.16245188860894824
89,49.406860800000004,0.16432195762096719
90,49.406860800000004,0.07829891027560745
91,49.084992,0.020278627797207044
92,48.924057600000005,0.048733618592598574
93,48.763123199999995,0.04848673460472017
94,48.924057600000005,0.10572307249825588
95,49.5677952,0.19353466685085072
96,48.924057600000005,-0.024580145086868017
97,48.1193856,-0.044063896547730554
98,47.475648,-0.024328870493101708
99,47.9584512,0.158684359387565
100,48.763123199999995,0.21799129909418882
101,49.406860800000004,0.1928029905221108
102,49.7287296,0.13675561106267012
103,49.889664,0.1083386388800842
104,49.7287296,0.04996788201092049
105,48.924057600000005,-0.04451775806854798
106,47.9584512,-0.0635734915106922
107,48.1193856,0.10355020048016346
108,48.6021888,0.16115520485615023
109,49.406860800000004,0.22123840268086956
110,50.2115328,0.22533315610359986
111,51.1771392,0.2596954218341924
112,51.8208768,0.20372921075400527
113,52.1427456,0.14487209089616143
114,51.8208768,0.023015095057096636
115,51.0162048,-0.045623506234256955
116,46.0272384,-0.5503307367069101
117,40.7164032,-0.5281868040495987
118,35.405568,-0.46478879153484753
119,30.0947328,-0.4007671690079211
120,24.7838976,-0.3361840708010126
121,19.4730624,-0.2711032146115924
122,14.1622272,-0.2055898231438323
123,8.851392,-0.13971055452512382
124,3.5405568,-0.07353344050739015
125,0.0,-0.010335139801429057
126,0.0,0.003957238208922474
127,0.0,0.003957470564466528
128,0.0,0.003957680895945463
129,0.0,0.003957871294946556
130,0.0,0.003958043654778484
131,0.0,0.00395819968921467
132,0.0,0.0039583409494571955
133,0.0,0.003958468839521076
134,0.0,0.003958584630163771
135,0.0,0.003958689471484813
136,0.0,0.003958784404382843
137,0.0,0.0039588703708887995
138,0.0,0.003958948223550079
139,0.0,0.0039590187339031266
140,0.0,0.003959082600184305
141,0.0,0.003959140454254064
142,0.0,0.003959192867921732
143,0.0,0.003959240358639693
144,0.0,0.003959283394666857
145,0.0,0.003959322399738894
146,0.0,0.003959357757307642
147,0.0,0.003959389814343478
148,0.0,0.0039594188848442275
149,0.0,0.003959445252919513
150,0.0,0.003959469175681552
151,0.0,0.003959490885767575
152,0.0,0.0039595105936936735
153,0.0,0.00395952848995265
154,0.0,0.0039595447469120875
155,0.0,0.003959559520550066
156,0.0,0.003959572952003586
157,0.0,0.003959585168967135
158,0.0,0.003959596287016339
159,0.0,0.003959606410694348
160,0.0,0.003959615634635691
161,0.0,0.0039596240444403795
162,0.0,0.003959631717579233
163,0.0,0.003959638724149358
164,5.3108352000000005,0.05529517542211251
165,10.621670400000001,0.16774579893351219
166,15.9325056,0.2774885095374365
167,21.243340800000002,0.38783098167943303
168,26.554176,0.49890882025688355
169,31.8650112,0.6108579909728051
170,35.72743680000001,0.5274826803904327
171,39.1070592,0.5186418584993788
172,41.521075200000006,0.4166063224023687
173,42.486681600000004,0.21163029770506162
174,41.360140799999996,-0.07366374330984143
175,40.3945344,-0.055514564011688756
176,39.7507968,-0.022167813643447828
177,40.2336,0.1302413843914868
178,40.55546880000001,0.10796745499072014
179,40.8773376,0.10892921519750137
180,41.521075200000006,0.15875845085665313
181,43.7741568,0.4162695847521475
182,42.647616,-0.07560311967820385
183,38.624256,-0.3659220307468461
184,36.532108799999996,-0.1576784353197685
185,31.2212736,-0.4147013062256634
186,28.4853888,-0.17396972248023745
187,27.6807168,-0.027716688503604377
188,29.1291264,0.19074806926743798
189,29.933798400000004,0.12904284227666113
190,32.18688,0.3003397798859854
191,35.72743680000001,0.4895376838264595
192,39.428928,0.5652959770080609
193,43.9350912,0.7530683763617523
194,49.084992,0.9549542575685428
195,53.913024,1.0
196,58.2582528,0.9926413559140624
197,60.02853119999999,0.48494146739301036
198,63.247219199999996,0.8383248679806302
199,65.178432,0.5698473353387317
200,67.7533824,0.7508390073731346
201,70.006464,0.6989762952659891
202,72.5814144,0.8119415263886515
203,74.029824,0.5318499118750205
204,75.31729920000001,0.49936652156327815
205,76.44384000000001,0.46417168487203775
206,76.44384000000001,0.1524657815106278
207,76.12197119999999,0.062288086622597744
208,75.96103680000002,0.10635625534199415
209,75.639168,0.061186878125438424
210,75.639168,0.14961149181561584
211,75.639168,0.14959514137499055
212,75.639168,0.14958044023771208
213,75.639168,0.14956723096679025
214,75.96103680000002,0.23925337876217867
215,76.2829056,0.24072381108804236
216,77.0875776,0.3790063324248121
217,78.053184,0.43059597568515406
218,79.0187904,0.4374809359766215
219,79.662528,0.3494567597207005
220,80.4672,0.4011225183415266
221,81.4328064,0.45493012061969956
222,82.07654400000001,0.3641280331146932
223,82.881216,0.417353144111682
224,84.00775680000001,0.5228168455691137
225,85.6171008,0.6852126130213204
226,87.06551040000001,0.6491934126913134
227,87.8701824,0.45219067393750373
228,88.3529856,0.3525513317618296
229,88.51392,0.25012028879661774
230,88.3529856,0.14604731700011298
231,87.8701824,0.04148991824376219
232,87.8701824,0.19563153906971117
233,88.19205120000001,0.2999686584076024
234,88.6748544,0.3543115173943098
235,89.318592,0.41029223017027255
236,89.6404608,0.3078186785613978
237,90.28419840000001,0.41673300808431607
238,90.6060672,0.31313390611229175
239,91.0888704,0.3689915694803537
240,91.2498048,0.26340940344817887
241,91.2498048,0.2100813767935699
242,90.927936,0.10234183767955891
243,90.927936,0.20863943311620486
244,90.927936,0.2086316146011467
245,90.927936,0.2086247181621292
246,90.927936,0.20861859873591548
247,90.927936,0.20861320625088162
248,90.76700160000001,0.15486532626716434
249,90.28419840000001,0.04746924696157978
250,89.8013952,0.046233104324510506
251,88.6748544,-0.11241845090467793
252,87.8701824,-0.041224744234860534
253,87.22644480000001,-0.006453157636568528
254,86.904576,0.08996416242844044
255,86.4217728,0.03803974960973475
256,86.2608384,0.1384893377289665
257,86.7436416,0.34260844412807157
258,86.904576,0.24222317387227418
259,87.06551040000001,0.24298929104207406
260,87.06551040000001,0.19217745738764755
261,86.5827072,0.03841905205779482
262,85.93896960000001,-0.007998110120443965
263,85.295232,-0.008741431429626991
264,84.6514944,-0.00946598701374659
265,83.8468224,-0.0442972161893761
266,84.3296256,0.32866079537401527
267,83.685888,-0.010518779701805089
268,83.5249536,0.12926342941576846
269,83.2030848,0.07960191518833556
270,82.881216,0.07874269801015449
271,83.04215040000001,0.2246187683660218
272,83.3640192,0.2746691943794972
273,83.8468224,0.3259942989112564
274,84.49056,0.3788991218533635
275,85.295232,0.43369587785202063
276,86.09990400000001,0.439357813696593
277,86.904576,0.4450606022851545
278,88.3529856,0.6611508014006298
279,89.15765760000001,0.46126134218928044
280,89.4795264,0.30698566124279764
281,90.123264,0.41572575590417177
282,90.123264,0.20521778515357178
283,89.8013952,0.09880416909727399
284,88.8357888,-0.07641963948809713
285,87.709248,-0.11253733392422105
286,86.2608384,-0.1826603726281274
287,84.49056,-0.2499493986204971
288,82.881216,-0.21334608494153504
289,82.881216,0.17557601512143692
290,82.881216,0.1755835870408115
291,82.2374784,-0.012022675364445245
292,80.62813440000001,-0.21014530246112012
293,80.4672,0.11952655475241371
294,80.62813440000001,0.2141365511457236
295,80.4672,0.11953882440516148
296,79.8234624,-0.014323012937634067
297,79.662528,0.11706962587051975
298,79.662528,0.16358349021596663
299,79.662528,0.1635907359537616
300,79.0187904,-0.015035894297661766
301,78.2141184,-0.04742056326380809
302,77.40944640000001,-0.04775346094129343
303,75.96103680000002,-0.17186837521798912
304,74.19075839999999,-0.23018527158849922
305,72.42048000000001,-0.22634572724000998
306,70.4892672,-0.2509221965270665
307,68.5580544,-0.24569400859685545
308,66.78777600000001,-0.21335972452921673
309,64.85656320000001,-0.2353067280620971
310,61.959744,-0.38088190969975183
311,59.545728,-0.29350968135369354
312,56.6489088,-0.35203309795827253
313,54.39582719999999,-0.2486318684997992
314,52.30368,-0.21844717783565135
315,50.694336,-0.14947060114394198
316,49.245926399999995,-0.12548142214521016
317,49.084992,0.04896308374422071
318,48.280319999999996,-0.044151211274033195
319,46.670976,-0.13920366117118316
320,44.25696,-0.22539781233916686
321,39.9117312,-0.41209491728599656
322,34.600896,-0.4552885085144118
323,32.347814400000004,-0.15434669611925686
324,30.738470400000004,-0.09472116138252487
325,29.772864,-0.04205318369789039
326,27.358848000000002,-0.1434897105259714
327,24.944832,-0.13136595712952634
328,20.1168,-0.24912135750866027
329,17.3809152,-0.10880800333319246
330,12.874752,-0.1543631519367371
331,7.563916799999999,-0.12381328474721057
332,2.2530816,-0.05751056433159442
333,0.0,-0.00149548886683932
334,0.0,0.003961341548144959
335,0.0,0.003961612773368178
336,0.0,0.003961858281644371
337,0.0,0.003962080514428227
338,0.0,0.0039622816818983145
339,0.0,0.003962463784772284
340,0.0,0.003962628634074162
341,0.0,0.003962777869059785
342,0.0,0.003962912973475176
343,0.0,0.003963035290241542
344,0.0,0.003963146034822857
345,0.0,0.0039632463072510745
346,0.0,0.003963337103114895
347,1.609344,0.008679099227418307
348,6.9201792,0.09163036062889453
349,12.231014400000001,0.2011455822340779
350,17.5418496,0.31117013966731316
351,22.8526848,0.42183931230692506
352,27.8416512,0.4998069818933395
353,32.18688,0.5214941879143116
354,36.210240000000006,0.5547607747730134
355,38.1414528,0.3176092727854779
356,40.55546880000001,0.4066934556268264
357,42.8085504,0.4070507655157486
358,45.2225664,0.45697751310819273
359,48.280319999999996,0.5979588361994314
360,49.5677952,0.30794381909138696
361,50.8552704,0.31679107980711685
362,51.6599424,0.23326550928510373
363,52.7864832,0.29988505117301406
364,54.073958399999995,0.33919005918006556
365,55.522368,0.38126471090923575
366,55.6833024,0.12509081090345447
367,56.1661056,0.19184219430543784
368,56.0051712,0.06063402453694999
369,55.522368,-0.0024653190922773126
370,55.844236800000004,0.158022526051186
371,57.131712,0.36076082552380584
372,57.936384000000004,0.26636084237248164
373,57.936384000000004,0.09805919359673371
374,57.936384000000004,0.09805271458602384
375,57.936384000000004,0.09804688751630466
376,57.936384000000004,0.09804165023381972
377,57.936384000000004,0.0980369465232431
378,58.097318400000006,0.1323084765082709
379,58.5801216,0.20191762573648198
380,58.74105599999999,0.13429456876184323
381,58.5801216,0.06541407797091477
382,57.936384000000004,-0.024874306992988197
383,56.4879744,-0.1405381701000592
384,54.8786304,-0.15997094017777502
385,53.913024,-0.06902545878279276
386,50.5334016,-0.3824485482494193
387,46.670976,-0.41571924723101616
388,41.360140799999996,-0.5363644290723828
389,37.014912,-0.38467403376866965
390,32.6696832,-0.34274121027012705
391,28.163520000000002,-0.3118581999135449
392,23.335488,-0.2848641084790706
393,19.312128,-0.1928665765719639
394,14.0012928,-0.20384331709203982
395,8.6904576,-0.13787694159155567
396,3.3796223999999997,-0.07161228733885242
397,0.0,-0.009013594200929998
398,0.0,0.003962213224678095
399,0.0,0.00396247999339987
400,0.0,0.003962721465101677
401,0.0,0.003962940041466357
402,0.0,0.003963137896653042
403,4.1842944,0.03585161034001583
404,9.495129600000002,0.1446716586027613
405,14.8059648,0.2544207482305878
406,20.1168,0.36474854745884727
407,25.4276352,0.4757898116985149
408,30.738470400000004,0.5876795708335072
409,36.0493056,0.7005536735699501
410,40.2336,0.643013613413906
411,41.1992064,0.20493640545918412
412,44.25696,0.5445289143920052
413,46.670976,0.47282537744725206
414,48.280319999999996,0.35421287967150894
415,48.441254400000005,0.10466579369934612
416,48.280319999999996,0.04786104843803979
417,47.7975168,-0.004968578893982053
418,47.1537792,-0.024317296976218653
419,46.349107200000006,-0.0430892980986583
420,45.061632,-0.09786943657681138
421,40.2336,-0.4694193138030097
422,34.9227648,-0.4598736745372015
423,29.6119296,-0.39565839332551345
424,24.3010944,-0.33089335870034564
425,18.990259200000004,-0.26564163996091933
426,13.679424000000001,-0.19996791193744665
427,8.3685888,-0.13393837520762425
428,3.0577536,-0.06762068512610034
429,0.0,-0.00654297974137754
430,0.0,0.003963860332344042
431,0.0,0.003964006002086051
432,0.0,0.003964137875996956
433,0.0,0.0039642572652429185
434,0.0,0.003964365356504832
435,0.0,0.003964463223797488
436,0.0,0.003964551839114955
437,0.0,0.0039646320821456376
438,0.0,0.003964704748988377
439,0.0,0.003964770560081842
440,0.0,0.003964830167428401
441,0.0,0.00396488416104377
442,0.0,0.003964933074844757
443,0.0,0.003964977392018764
444,0.0,0.0039650175497876776
445,0.0,0.003965053943815853
446,0.0,0.003965086932137361
447,0.0,0.003965116838746059
448,5.3108352000000005,0.05537206623721165
449,10.621670400000001,0.1679805049270376
450,15.9325056,0.2778789193491592
451,21.243340800000002,0.3883793730034978
452,26.554176,0.4996174542817235
453,31.8650112,0.6117291229307973
454,37.175846400000005,0.7248510047076788
455,42.486681600000004,0.8391227738246096
456,44.7397632,0.42697946018952926
457,46.831910400000005,0.42218162459303016
458,50.694336,0.7707884216136945
459,53.108352,0.5441333103221742
460,54.073958399999995,0.2772039430412965
461,56.0051712,0.48126276451546834
462,56.4879744,0.19332453217171836
463,57.2926464,0.26311265961179237
464,58.097318400000006,0.267456898313748
465,57.936384000000004,0.06425377759125689
466,58.097318400000006,0.13243064567765184
467,58.2582528,0.13291504592121595
468,57.936384000000004,0.030298613263330505
469,57.4535808,-0.0015750475155003878
470,57.936384000000004,0.1992889161721481
471,57.936384000000004,0.09808309204519758
472,57.2926464,-0.024947504356716766
473,57.131712,0.06269661815804713
474,56.9707776,0.06239400564725759
475,56.6489088,0.02862889900307004
476,56.6489088,0.09489191158864056
477,56.6489088,0.09488945988195309
478,56.6489088,0.09488727520262305
479,56.6489088,0.09488533212830233
480,56.6489088,0.09488360765924174
481,56.327040000000004,0.028222088502410005
482,56.4879744,0.12742276130948668
483,56.6489088,0.12790723051390004
484,57.131712,0.1957925258181138
485,56.6489088,-0.001958767595900756
486,56.327040000000004,0.02822054112536978
487,56.327040000000004,0.09409535844146348
488,56.327040000000004,0.09409503334198414
489,56.0051712,0.027821757075239425
490,55.6833024,0.027427768614049386
491,55.522368,0.059731378987833525
492,53.913024,-0.15767795788161942
493,51.499008,-0.25887880366033283
494,48.441254400000005,-0.3268212610640274
495,45.061632,-0.34438530805698925
496,41.038272000000006,-0.38723241364088445
497,36.210240000000006,-0.42580574576115693
498,31.8650112,-0.33503589496142233
499,26.554176,-0.3582794193587322
500,21.243340800000002,-0.29327262561406475
501,16.576243200000004,-0.20133265706846312
502,11.587276800000001,-0.16059652497117108
503,6.437376,-0.10518654429814135
504,1.609344,-0.04157951330488562
505,0.0,0.0013674225797386357
506,0.0,0.003963575349182239
507,0.0,0.00396384026713311
508,0.0,0.003964080069859458
509,0.0,0.003964297141836709
510,0.0,0.003964493641621195
511,1.9312127999999997,0.010757577495484075
512,5.632704,0.05951583195027908
513,8.851392,0.0976719236833826
514,10.460736,0.07227107943279644
515,13.679424000000001,0.1604106281337229
516,15.449702399999998,0.11582184300096092
517,16.898112,0.10929024057728097
518,19.1511936,0.17452548004966262
519,22.530816,0.28757399578547
520,25.749504,0.31886331537444385
521,28.4853888,0.310332974551729
522,30.577536000000002,0.26847860481116026
523,32.347814400000004,0.24918554657442712
524,33.796224,0.2232039095522681
525,35.405568,0.2542380481723569
526,37.014912,0.26645108147752955
527,38.3023872,0.23307069906635847
528,39.428928,0.21798109417964545
529,40.0726656,0.15298416962739275
530,40.2336,0.08383464618910416
531,40.2336,0.060399314228378576
532,40.2336,0.06039648323538138
533,40.2336,0.06039393543898446
534,40.2336,0.06039164385336265
535,40.2336,0.060389580598111364
536,41.1992064,0.20491664026779619
537,41.521075200000006,0.11103761487059861
538,41.842944,0.11201259407318102
539,41.1992064,-0.022710409021876505
540,40.55546880000001,-0.022486792359837433
541,40.2336,0.013291689238657667
542,40.2336,0.06037912632044416
543,40.2336,0.06037835192264273
544,39.2679936,-0.054252532022868886
545,37.175846400000005,-0.16051551610254458
546,31.8650112,-0.42310965308912246
547,26.554176,-0.3585504322687481
548,21.243340800000002,-0.29347655111291726
549,15.9325056,-0.22795261709933637
550,10.621670400000001,-0.16204422734617932
551,5.3108352000000005,-0.09581845997027763
552,0.0,-0.029343808125768273
553,0.0,0.003965138139575366
554,0.0,0.003965294547723347
555,0.0,0.0039654361413376474
556,0.0,0.003965564328254376
557,0.0,0.003965680382708691
558,0.0,0.003965785457928176
559,0.0,0.003965880597671048
560,0.0,0.003965966746528131
561,0.0,0.003966044759381934
562,0.0,0.003966115409873003
563,0.0,0.003966179398135759
564,0.0,0.003966237357766378
565,0.0,0.003966289862135095
566,0.0,0.003966337430105349
567,0.0,0.003966380531222238
568,0.0,0.003966419590370257
569,5.3108352000000005,0.05539039866893245
570,10.621670400000001,0.1680366125391599
571,15.9325056,0.2779725447159247
572,20.921472,0.36333901262081675
573,23.4964224,0.24095874249611843
574,25.749504,0.23810936944954186
575,27.358848000000002,0.1942444944704858
576,27.358848000000002,0.03929982830773201
577,27.358848000000002,0.03929856905163409
578,28.163520000000002,0.12143088537314105
579,28.4853888,0.07399471555262732
580,28.4853888,0.04098065555327823
581,28.163520000000002,0.007511526504370417
582,27.358848000000002,-0.027454804782842186
583,27.197913599999996,0.02317241914613245
584,26.715110400000004,-0.004805899962420778
585,27.358848000000002,0.10231587071867938
586,27.5197824,0.05551297723556045
587,27.358848000000002,0.023315635211443086
588,26.715110400000004,-0.015776245749737336
589,26.554176,0.022599386348724958
590,26.554176,0.03810332535367111
591,26.715110400000004,0.053849573628287545
592,27.358848000000002,0.10231091791309867
593,28.3244544,0.13813654462752978
594,29.772864,0.19551883382933544
595,30.899404799999996,0.168602324429069
596,32.5087488,0.23242866830404135
597,33.796224,0.20421768218187483
598,33.957158400000004,0.06932802473052246
599,34.1180928,0.06968478607520766
600,34.7618304,0.13129536056719548
601,35.405568,0.13387985767003036
602,36.0493056,0.1364756556193771
603,36.210240000000006,0.07440333547065706
604,36.210240000000006,0.05332851041678202
605,36.210240000000006,0.053327229460781424
606,36.532108799999996,0.09631340825565775
607,38.1414528,0.2750010923146963
608,40.3945344,0.3826861801594121
609,41.842944,0.2798797018164994
610,42.647616,0.18833041510391135
611,43.452288,0.1922286256456722
612,42.003878400000005,-0.10955288365181422
613,36.693043200000005,-0.48143729933588697
614,31.382208000000002,-0.4173745205692055
615,26.0713728,-0.35274381638019314
616,20.760537600000003,-0.28760661977934143
617,15.449702399999998,-0.2220268957513536
618,10.138867200000002,-0.1560701893017718
619,4.828032,-0.08980354874001746
620,0.0,-0.02338908181784982
621,0.0,0.003965928990029979
622,0.0,0.003966055274572295
623,0.0,0.003966169602141587
624,0.0,0.003966273109326195
625,0.0,0.003966366824781023
626,0.0,0.003966451679448343
627,0.0,0.003966528515842058
628,0.0,0.003966598096432877
629,0.0,0.00396666111122183
630,0.0,0.003966718184639461
631,0.0,0.003966769881758234
632,0.0,0.00396681671393676
633,0.0,0.003966859143927081
634,0.0,0.003966897590469967
635,0.0,0.003966932432496879
636,0.0,0.003966964012894866
637,0.0,0.003966992641946802
638,0.0,0.003967018600440703
639,0.0,0.0039670421424419025
640,0.0,0.00396706349784668
641,0.0,0.003967082874698656
642,0.0,0.0039671004612366854
643,0.0,0.0039671164278116625
644,0.0,0.00396713092854107
645,0.0,0.003967144102907347
646,3.218688,0.02285109959497529
647,7.2420480000000005,0.08701279453166214
648,12.5528832,0.20798808959321097
649,16.4153088,0.22613670214153386
650,20.1168,0.2738556400815024
651,22.530816,0.21884036774812984
652,24.6229632,0.2141115105513746
653,28.163520000000002,0.3801498849102904
654,31.5431424,0.41280802305155617
655,33.796224,0.3169412308398854
656,35.72743680000001,0.29660801670655434
657,37.4977152,0.29124001000805905
658,39.428928,0.3292460160647085
659,40.7164032,0.24886353008418868
660,41.1992064,0.1339813822305082
661,41.842944,0.1604513501124493
662,42.003878400000005,0.08816598082799149
663,42.1648128,0.08855740943436526
664,42.1648128,0.06398331205105949
665,42.486681600000004,0.11402174244050126
666,42.647616,0.08973922785585173
667,42.647616,0.06488622048481749
668,41.842944,-0.04006642046021555
669,41.038272000000006,-0.039471361086450246
670,37.9805184,-0.26131223993357094
671,34.439961600000004,-0.2837317043719543
672,29.772864,-0.34239191171833133
673,26.3932416,-0.20929034732878532
674,23.335488,-0.16521934968591404
675,18.6683904,-0.22403096297693517
676,14.0012928,-0.1737409084992621
677,9.3341952,-0.12319677128906718
678,5.632704,-0.05953607410815438
679,3.218688,-0.0192770122863198
680,0.0,-0.007752779044055511
681,0.0,0.003966405282656077
682,0.0,0.003966521680940227
683,0.0,0.003966627072692446
684,0.0,0.003966722504249567
685,0.0,0.003966808922556257
686,0.0,0.003966887184617855
687,0.0,0.003966958066004186
688,0.0,0.003967022268585396
689,0.0,0.0039670804275310535
690,0.0,0.003967133117641182
691,0.0,0.00396718085907165
692,0.0,0.003967224122522624
693,0.0,0.003967263333952501
694,2.2530816,0.01321961935406702
695,5.3108352000000005,0.05066870480569417
696,7.0811136,0.05140524315764968
697,10.460736,0.1227383530935751
698,14.8059648,0.219954339676966
699,18.1855872,0.22804160086844846
700,21.726144,0.2873144653826418
701,23.4964224,0.17872190884717348
702,26.3932416,0.3001964199368574
703,26.8760448,0.08516667474507253
704,26.554176,0.007010237119577015
705,26.554176,0.038119586803799885
706,29.2900608,0.3197396340539161
707,30.899404799999996,0.22050017933877245
708,32.347814400000004,0.21326949387038005
709,34.600896,0.32490558685670234
710,36.210240000000006,0.26043115908034364
711,36.210240000000006,0.05335354296756453
712,35.5665024,-0.02048328955506605
713,36.532108799999996,0.18026854881459212
714,37.4977152,0.18533601502263447
715,37.819584,0.10008497199063855
716,36.210240000000006,-0.110866576515538
717,34.7618304,-0.09211970348217263
718,32.991552,-0.11548865011374718
719,28.968192000000002,-0.2807381873316267
720,24.140159999999998,-0.2942267313685561
721,19.312128,-0.24062159183837123
722,14.484096000000001,-0.1866852688812118
723,9.9779328,-0.12439561381951302
724,7.2420480000000005,-0.04817290119846663
725,4.828032,-0.02772046870743387
726,3.3796223999999997,-0.007611260099488281
727,0.804672,-0.007876865736653126
728,0.804672,0.004929057822489524
729,5.1499008,0.05471169675262806
730,10.460736,0.16474831918045238
731,15.449702399999998,0.256058180556191
732,20.1168,0.3297193571731613
733,22.530816,0.2188585830814196
734,25.749504,0.3190195248989423
735,28.968192000000002,0.3618147421813144
736,31.5431424,0.32892917840799324
737,34.600896,0.4188541813574163
738,37.175846400000005,0.39148287274773624
739,39.428928,0.3732032464553547
740,41.038272000000006,0.2974849727523322
741,42.647616,0.30998304441177205
742,43.613222400000005,0.21816213079280816
743,44.4178944,0.19704646147709348
744,44.9006976,0.14758268124777
745,45.5444352,0.1763141514837824
746,46.0272384,0.1517973212914416
747,46.0272384,0.07150171034276162
748,45.5444352,-0.005405362072732005
749,45.38350080000001,0.043671087136769766
750,45.061632,0.01679873135333253
751,44.25696,-0.041760266978154444
752,43.1304192,-0.07646674210239729
753,41.038272000000006,-0.17603366615948998
754,37.819584,-0.276671445509391
755,34.600896,-0.2545914644828626
756,30.577536000000002,-0.29510856177515854
757,26.554176,-0.2589193276103312
758,23.9792256,-0.13732014704486312
759,20.1168,-0.19084974569912583
760,15.127833599999999,-0.20187392512235755
761,9.9779328,-0.14802379697953502
762,4.828032,-0.08582035668716542
763,2.414016,-0.015056335275593847
764,2.414016,0.006853782060004798
765,0.804672,-0.0012289445984978995
766,0.0,0.00348370206708017
767,4.828032,0.046469282266787
768,10.138867200000002,0.1581002703294147
769,15.449702399999998,0.26801575094598185
770,20.760537600000003,0.37852524450615205
771,25.4276352,0.4281962993241375
772,28.163520000000002,0.3067797928827441
773,29.6119296,0.194528768679117
774,31.382208000000002,0.24152095680402325
775,33.3134208,0.2755703092955289
776,35.405568,0.31342979064293897
777,37.3367808,0.3107933397544658
778,40.2336,0.4700501089681451
779,42.647616,0.42954527057987646
780,44.25696,0.32259707895389916
781,45.061632,0.20022837447011488
782,45.5444352,0.15001046836048032
783,46.510041599999994,0.23411868589042834
784,46.510041599999994,0.07248876791458221
785,46.510041599999994,0.07248374480809688
786,46.349107200000006,0.04504886353645551
787,45.86630400000001,-0.005351239850450233
788,45.5444352,0.01719336096953093
789,45.5444352,0.07052455472779362
790,45.5444352,0.07052208527345154
791,45.38350080000001,0.04366758065551106
792,44.4178944,-0.060099452054827376
793,44.25696,0.042106915252345015
794,44.25696,0.06797531056303309
795,44.25696,0.06797438444511099
796,44.25696,0.06797356375088345
797,44.25696,0.0679728384464807
798,44.25696,0.06797219945351886
799,44.4178944,0.09417071205243759
800,45.061632,0.17413938470427814
801,45.86630400000001,0.20406501656849213
802,48.280319999999996,0.4905120151701353
803,49.889664,0.3672110067224117
804,51.499008,0.3802526839672521
805,53.108352,0.39340061666564613
806,53.108352,0.08666357747972507
807,54.073958399999995,0.2771840179157456
808,54.717696000000004,0.21771260992747463
809,55.2004992,0.18797045404725007
810,55.0395648,0.05894650283292536
811,54.717696000000004,0.02630582472402351
812,54.717696000000004,0.09036843898073131
813,54.5567616,0.05808533123849066
814,54.073958399999995,-0.003062923717109764
815,53.269286400000006,-0.046790266326361164
816,53.108352,0.05557999240975431
817,52.30368,-0.04635005830315242
818,51.499008,-0.04596443444390031
819,51.3380736,0.05263949837833756
820,50.8552704,-0.004173040705863744
821,50.694336,0.05160177447375786
822,49.245926399999995,-0.12579283091489027
823,48.280319999999996,-0.06402962092623866
824,48.1193856,0.04761357541249856
825,48.1193856,0.07573603625800317
826,48.1193856,0.07573747931043173
827,48.1193856,0.07573880688966816
828,47.6365824,-0.0050039447256350605
829,47.475648,0.04665877277152842
830,47.475648,0.07440574308736955
831,47.1537792,0.01855359186850639
832,46.510041599999994,-0.024187882923032433
833,45.38350080000001,-0.07977174789038777
834,44.578828800000004,-0.041960207388344224
835,43.452288,-0.07692598742737719
836,41.038272000000006,-0.21069438866626952
837,38.1414528,-0.24583903131722154
838,35.405568,-0.21399182680394718
839,32.991552,-0.1717337284780646
840,30.899404799999996,-0.1348118368598578
841,30.899404799999996,0.04467142017787858
842,32.347814400000004,0.21315648006694254
843,33.6352896,0.20318367765097783
844,34.439961600000004,0.14971198461045596
845,35.405568,0.17434750485045591
846,36.3711744,0.1793935712215262
847,37.3367808,0.18446560480880253
848,38.624256,0.23519137208673369
849,40.2336,0.2911695269946808
850,41.842944,0.30364020787284995
851,42.8085504,0.2137358175592084
852,42.8085504,0.06521123897121539
853,43.1304192,0.11602413435358137
854,43.452288,0.11701773791317611
855,43.7741568,0.11801484834146485
856,44.7397632,0.2242796833380328
857,45.2225664,0.148764677557744
858,46.349107200000006,0.259745652764783
859,46.510041599999994,0.0995997861852208
860,46.670976,0.10001864958354623
861,46.831910400000005,0.10043863832290732
862,46.670976,0.04550877310314156
863,45.2225664,-0.11697685239346692
864,44.25696,-0.059933221272034404
865,43.452288,-0.04121423483276498
866,41.521075200000006,-0.16050117145759138
867,40.2336,-0.08868258479489312
868,39.428928,-0.03824822130178709
869,39.9117312,0.12931996058878054
870,40.3945344,0.13105086976119534
871,41.038272000000006,0.15703637296020814
872,41.360140799999996,0.11059612856739175
873,42.1648128,0.18604042250951833
874,43.2913536,0.2410946588075292
875,44.25696,0.2216188089832947
876,44.7397632,0.14695514611582766
877,45.7053696,0.22960046283726732
878,46.670976,0.2349638510681627
879,46.9928448,0.1281961762729961
880,46.831910400000005,0.04574440968658093
881,46.670976,0.04550952318349685
882,46.510041599999994,0.045275752949895116
883,45.86630400000001,-0.024056487174873048
884,45.2225664,-0.023901974963109317
885,45.061632,0.04322075541311833
886,45.061632,0.06956499495085698
887,44.4178944,-0.023694889592961222
888,43.7741568,-0.023518505785234404
889,42.8085504,-0.05834720450599919
890,43.452288,0.16724682862024215
891,44.25696,0.19618614259713474
892,44.7397632,0.14693937536103582
893,45.061632,0.12202854360951063
894,44.7397632,0.016542314140198786
895,45.061632,0.12202763513310161
896,45.061632,0.06956766535660248
897,45.061632,0.06956742634125264
898,44.578828800000004,-0.00555290812923232
899,44.0960256,-0.005618455738419639
900,43.2913536,-0.041102919949569175
901,42.8085504,-0.0057668089350443215
902,42.647616,0.03996136113124646
903,42.647616,0.06489169860957256
904,42.647616,0.06489240709862408
905,42.3257472,0.014721942477153261
906,42.1648128,0.039333988891974564
907,42.1648128,0.06398212589489292
908,41.682009599999994,-0.005865978800220885
909,41.1992064,-0.0058997226631769505
910,41.1992064,0.0621827951078361
911,41.682009599999994,0.13570070017196353
912,41.521075200000006,0.03850999213488332
913,41.038272000000006,-0.005910102975603448
914,39.5898624,-0.10388267482004956
915,37.819584,-0.1313023196084486
916,35.72743680000001,-0.1547413446689791
917,34.7618304,-0.04873344709537875
918,34.7618304,0.050909623310451235
919,34.9227648,0.07150347076495724
920,36.3711744,0.24119276014753843
921,37.658649600000004,0.22897940924014257
922,38.624256,0.19130208528001105
923,38.9461248,0.10340612623899621
924,39.2679936,0.10435916759329178
925,40.0726656,0.1760739840342093
926,40.3945344,0.107719431879124
927,40.55546880000001,0.08465023067012073
928,40.7164032,0.0850390654207854
929,41.038272000000006,0.10965516114716736
930,40.55546880000001,-0.005938554674704038
931,40.2336,0.013302341519822467
932,40.2336,0.06042824868173235
933,40.2336,0.06042808624568274
934,39.7507968,-0.005972127234310889
935,39.428928,0.012790739124384963
936,39.1070592,0.012591693035708828
937,39.1070592,0.05839703794203992
938,39.428928,0.10483237021135862
939,40.2336,0.17683368941633718
940,40.2336,0.06042899183297584
941,39.5898624,-0.02215292565349997
942,39.5898624,0.059263640011542947
943,38.785190400000005,-0.03775433540202427
944,39.428928,0.15036920933393794
945,40.3945344,0.2007385275983944
946,41.1992064,0.1814530300279122
947,40.3945344,-0.03900743977459599
948,38.624256,-0.13392732632349835
949,35.405568,-0.2602701329760525
950,32.347814400000004,-0.22493049312723382
951,27.197913599999996,-0.35378727107940955
952,21.8870784,-0.3016609715576829
953,16.576243200000004,-0.23613068532197556
954,11.265408,-0.17020662173887005
955,5.9545728,-0.10395584165582324
956,0.6437376,-0.03744682528029186
957,0.0,0.0037125341277207935
958,0.0,0.003968964265632159
959,0.0,0.0039691169158459685
960,3.218688,0.02286319600822769
961,8.5295232,0.12495622690548525
962,13.8403584,0.2347779487785869
963,19.1511936,0.34515382166631287
964,24.4620288,0.4562189387422814
965,28.163520000000002,0.39483541845788517
966,29.933798400000004,0.23000989333799665
967,32.18688,0.3012570950574279
968,33.957158400000004,0.2624946595421653
969,35.405568,0.23464200502451787
970,37.014912,0.26673499301275916
971,39.428928,0.39524408067483296
972,42.3257472,0.49652209452230106
973,44.25696,0.37277445306393764
974,45.2225664,0.22713643585718207
975,45.7053696,0.15070017798704893
976,45.86630400000001,0.09799728373026696
977,45.86630400000001,0.07122787986006962
978,45.86630400000001,0.0712232707202549
979,44.578828800000004,-0.09711293606052332
980,44.25696,0.016172550662434795
981,43.7741568,-0.0056625164199840955
982,43.1304192,-0.023346352879509702
983,42.647616,-0.0057857228568108056
984,41.842944,-0.040090978469407304
985,41.360140799999996,-0.005891531515926942
986,40.55546880000001,-0.039132652242710224
987,38.624256,-0.1501939323155702
988,35.405568,-0.26029141469372447
989,34.600896,-0.03426057368365193
990,34.600896,0.05065751233138209
991,35.0836992,0.1124845082412753
992,36.210240000000006,0.19921428363995808
993,37.014912,0.16170843057727236
994,36.693043200000005,0.011199817594586233
995,36.693043200000005,0.054188891183470145
996,37.014912,0.09777877663686885
997,36.532108799999996,-0.005974642011730134
998,36.532108799999996,0.05391384206443947
999,36.532108799999996,0.05391408182959796
1000,37.819584,0.2300877868354271
1001,38.624256,0.16926275232086951
1002,39.5898624,0.19649424167994575
1003,39.9117312,0.10630381636408201
1004,40.3945344,0.1311309796950732
1005,41.038272000000006,0.1571285345358662
1006,41.1992064,0.0862346362662595
1007,41.038272000000006,0.03791859192801059
1008,40.2336,-0.03889321796792088
1009,38.785190400000005,-0.10200237604040105
1010,38.1414528,-0.021594415480902362
1011,37.3367808,-0.03659077462454602
1012,36.85397759999999,-0.005983762894891951
1013,36.210240000000006,-0.020776888945204193
1014,35.405568,-0.03496333710455478
1015,34.7618304,-0.020116693221732842
1016,32.991552,-0.1155411767707649
1017,28.163520000000002,-0.33877434992518995
1018,22.8526848,-0.31358967186754527
1019,17.5418496,-0.24812421055249267
1020,12.231014400000001,-0.18225349639002988
1021,6.9201792,-0.11604422703541742
1022,1.609344,-0.04956453641287122
1023,0.0,0.0013695617653971127
1024,0.0,0.00396964761144405
1025,0.0,0.003969796413534616
1026,0.0,0.003969931124801827
1027,0.0,0.003970053084401987
1028,0.0,0.003970163504371325
1029,0.0,0.003970263481669932
1030,0.0,0.003970354009076881
1031,0.0,0.003970435985073871
1032,0.0,0.003970510222779847
1033,0.0,0.003970577458048972
1034,0.0,0.003970638356806882
1035,0.0,0.003970693521700137
1036,0.0,0.003970743498065121
1037,0.0,0.003970788779422427
1038,0.0,0.0039708298123531235
1039,0.0,0.003970867000981672
1040,0.0,0.003970900711009303
1041,0.0,0.003970931273354051
1042,0.0,0.003970958987459865
1043,0.0,0.003970984124299795
1044,0.0,0.003971006929073233
1045,0.0,0.003971027623640926
1046,0.0,0.003971046408785161
1047,0.0,0.003971063466170266
1048,0.0,0.0039710789601907215
1049,0.0,0.003971093039582011
1050,0.0,0.003971105838956552
1051,0.0,0.003971117480096127
1052,0.0,0.003971128073219336
1053,1.9312127999999997,0.01077512567202825
1054,6.437376,0.077839946819104
1055,11.7482112,0.19153897381055607
1056,17.0590464,0.301721057190011
1057,22.3698816,0.4125354233954937
1058,27.358848000000002,0.4911563658376363
1059,29.772864,0.29373195306409555
1060,32.18688,0.31889573303841534
1061,35.0836992,0.4065620242202433
1062,37.014912,0.30823570975273334
1063,38.624256,0.2791338262000989
1064,39.9117312,0.24385752070814076
1065,41.1992064,0.2522794939365959
1066,42.647616,0.28606836762693566
1067,43.1304192,0.14115189601822511
1068,44.0960256,0.2209694396686882
1069,44.9006976,0.19956698798614536
1070,45.5444352,0.17645911525544125
1071,45.061632,-0.005487207332580292
1072,44.25696,-0.041803070261871744
1073,43.452288,-0.041250603142002296
1074,43.452288,0.06648244429792902
1075,42.3257472,-0.07531709896284838
1076,39.428928,-0.2538616176701378
1077,36.210240000000006,-0.2658985858136213
1078,34.600896,-0.10629817723111798
1079,33.1524864,-0.08814910789898611
1080,28.968192000000002,-0.2941481095287092
1081,24.140159999999998,-0.294422649701906
1082,19.7949312,-0.21690381265977313
1083,17.863718400000003,-0.0714570537027765
1084,17.0590464,-0.016532354376184732
1085,16.09344,-0.022259555278946783
1086,15.288768000000001,-0.014537380046725612
1087,14.6450304,-0.0076430557191191455
1088,14.0012928,-0.007167948312651125
1089,13.8403584,0.012799623818839194
1090,14.1622272,0.03751737862795314
1091,14.484096000000001,0.03830667240883311
1092,14.0012928,-0.001330543934706821
1093,13.8403584,0.012800945652616564
1094,12.874752,-0.017287346064514413
1095,11.265408,-0.03485430540276414
1096,8.04672,-0.06627908267740991
1097,6.759244799999999,-0.013903101456779008
1098,4.1842944,-0.02701276262036847
1099,1.609344,-0.012442287336459594
1100,0.0,0.0013701336725183582
1101,0.1609344,0.004018436936958012
1102,0.9656063999999996,0.006298898926092914
1103,2.5749504,0.016486100668901986
1104,5.793638400000001,0.05815739225906585
1105,11.1044736,0.17822887396463383
1106,16.09344,0.2689273544638057
1107,20.5996032,0.3296107279020068
1108,22.530816,0.1833775242593696
1109,23.335488,0.10038590559890209
1110,25.749504,0.2521120114339775
1111,29.1291264,0.37949599317754085
1112,32.18688,0.3881742219125595
1113,33.796224,0.24244943414472017
1114,34.1180928,0.08958056660043436
1115,34.2790272,0.07014383631091145
1116,34.439961600000004,0.070501019597104
1117,34.9227648,0.11202593497426912
1118,36.210240000000006,0.21988639174444316
1119,37.014912,0.16182566629371176
1120,38.3023872,0.23336424829688765
1121,39.428928,0.2182569965325837
1122,40.2336,0.17699002091337251
1123,40.0726656,0.036738273341342775
1124,39.9117312,0.03653903247379203
1125,40.2336,0.10731355799473115
1126,40.8773376,0.1565195087496345
1127,41.521075200000006,0.15922271431860374
1128,41.842944,0.11216785843225
1129,42.486681600000004,0.16329974025924437
1130,42.8085504,0.11511977591355828
1131,43.2913536,0.1417026025209045
1132,43.452288,0.091834431775268
1133,43.452288,0.06648598957551062
1134,43.452288,0.06648399679765855
1135,43.2913536,0.04084495773000355
1136,43.1304192,0.04062986432848157
1137,43.1304192,0.06586119023300034
1138,42.647616,-0.005787038733064615
1139,42.486681600000004,0.039780005346270984
1140,41.842944,-0.02294974779315726
1141,41.038272000000006,-0.03950531018162199
1142,39.5898624,-0.10394374786982938
1143,37.819584,-0.131377979819497
1144,34.600896,-0.25481236911123356
1145,32.18688,-0.16793548404482309
1146,28.163520000000002,-0.27367067157533914
1147,25.749504,-0.13577698322121615
1148,22.530816,-0.17028627732602306
1149,17.219980800000002,-0.24419104485760387
1150,11.9091456,-0.17828551233808704
1151,6.5983104,-0.11204496788696991
1152,1.2874752,-0.045537703322653826
1153,0.0,0.0024124720058197003
1154,0.0,0.003970495420945686
1155,0.0,0.003970650545630442
1156,0.0,0.003970790971869118
1157,0.0,0.003970918096496569
1158,0.0,0.003971033183751918
1159,0.0,0.003971137377865693
1160,0.0,0.003971231714392
1161,0.0,0.003971317130547946
1162,0.0,0.003971394474504152
1163,0.0,0.003971464513838609
1164,0.0,0.003971527943216328
1165,0.0,0.003971585391244835
1166,0.0,0.003971637426811444
1167,0.0,0.003971684564715002
1168,0.0,0.003971727270804382
1169,3.3796223999999997,0.024816040265095894
1170,8.6904576,0.12835568772152892
1171,14.0012928,0.2382549646579667
1172,19.312128,0.3487095951441863
1173,24.6229632,0.4598554165866691
1174,29.933798400000004,0.5718285371620345
1175,33.957158400000004,0.5186743401812202
1176,37.014912,0.4506106139529085
1177,37.819584,0.16565558157697471
1178,37.014912,-0.03636254774050454
1179,36.210240000000006,-0.03568484953027263
1180,32.18688,-0.3100079400766849
1181,26.8760448,-0.3631751241265617
1182,21.5652096,-0.2979911815357377
1183,16.2543744,-0.23235986870251152
1184,10.9435392,-0.16634582040375104
1185,5.632704,-0.10001526680021725
1186,0.3218688,-0.033435955609358185
1187,0.0,0.003975423467600224
1188,0.0,0.003971898503188628
1189,0.0,0.003971940850232473
1190,0.0,0.003971979227290127
1191,0.0,0.003972014012006864
1192,0.0,0.003972045546120907
1193,0.0,0.003972074138859956
1194,0.0,0.003972100070069245
1195,0.0,0.003972123592939996
1196,0.0,0.003972144936613014
1197,0.3218688,0.004161196757770943
1198,2.414016,0.016055266065816275
1199,5.632704,0.05608394926804015
1200,10.460736,0.1557118904825442
1201,15.7715712,0.27503186087729575
1202,19.312128,0.2530333055295395
1203,20.760537600000003,0.13507662338424128
1204,20.921472,0.04233063548412351
1205,20.277734400000003,-0.011653513178738127
1206,20.5996032,0.05355763417295526
1207,21.0824064,0.06683135289232772
1208,21.0824064,0.030412705925086762
1209,22.530816,0.14687760597531455
1210,24.944832,0.24386699757744518
1211,27.358848000000002,0.2687558937882938
1212,29.933798400000004,0.3115646769603712
1213,31.7040768,0.2443786342975821
1214,33.796224,0.29874176499900607
1215,34.600896,0.15069170722043002
1216,35.0836992,0.11260561008591823
1217,35.0836992,0.051514951690685484
1218,34.600896,-0.005882731566246101
1219,34.1180928,-0.005847259946620833
1220,34.600896,0.11093184200150923
1221,35.0836992,0.11258454008224972
1222,35.405568,0.09322507375410488
1223,35.2446336,0.031154183201766286
1224,34.9227648,0.010289442753039637
1225,34.600896,0.01013132314733086
1226,34.600896,0.050697297385887304
1227,34.439961600000004,0.030283540332365674
1228,32.347814400000004,-0.1410235018654598
1229,31.382208000000002,-0.04436466024555875
1230,30.899404799999996,-0.005505918612552284
1231,31.5431424,0.11867659954011216
1232,31.8650112,0.08327204927606914
1233,32.18688,0.08416275471309678
1234,31.382208000000002,-0.03137193423107484
1235,28.163520000000002,-0.21013039509802275
1236,24.944832,-0.187460533074544
1237,20.921472,-0.20808531130776134
1238,16.09344,-0.20493072844976956
1239,12.874752,-0.10120723109171906
1240,9.656064,-0.07794785528644341
1241,6.437376,-0.054609852124677886
1242,4.02336,-0.023529512239051552
1243,1.1265408,-0.012711183413421397
1244,0.0,0.0028368626256828977
1245,0.0,0.003971874535391367
1246,0.0,0.003971954291682026
1247,0.0,0.003972026520085377
1248,0.0,0.003972091936469758
1249,0.0,0.003972151188660556
1250,0.0,0.003972204862914832
1251,0.0,0.003972253489759104
1252,1.609344,0.008698543135776268
1253,1.609344,0.005899031646667462
1254,1.609344,0.005899090100711512
1255,1.609344,0.0058991431234566676
1256,1.609344,0.005899191231568616
1257,2.5749504,0.013851294776627842
1258,4.828032,0.038858480213536196
1259,6.437376,0.04383595319350503
1260,8.04672,0.05525098135687396
1261,10.138867200000002,0.08444815054955251
1262,12.874752,0.1330190300999889
1263,16.09344,0.1922471493982144
1264,16.898112,0.07278229580927413
1265,15.288768000000001,-0.04764692434081966
1266,13.679424000000001,-0.04255174948900572
1267,12.231014400000001,-0.03243736577970413
1268,14.1622272,0.11320200892386036
1269,17.702784,0.23002778378810473
1270,22.530816,0.3853093344380039
1271,27.358848000000002,0.4781018089924502
1272,31.382208000000002,0.47638910972801385
1273,33.796224,0.335886723676272
1274,35.0836992,0.2127841949536999
1275,35.72743680000001,0.13542251194944258
1276,37.014912,0.22515327305141788
1277,37.9805184,0.1881511538860471
1278,38.785190400000005,0.17019500898893547
1279,39.428928,0.1505590866780132
1280,39.428928,0.05904600662772508
1281,38.624256,-0.03766965136038314
1282,37.819584,-0.037018440064170766
1283,37.819584,0.0561847188328302
1284,37.819584,0.05618286703121094
1285,37.819584,0.056181201182237205
1286,37.819584,0.05617970357472961
1287,37.819584,0.05617835818625152
1288,38.624256,0.16937159336777682
1289,38.785190400000005,0.0804923653269119
1290,39.428928,0.1505054723365413
1291,39.7507968,0.10588623690354089
1292,40.2336,0.13062963191194754
1293,40.8773376,0.15654277767972793
1294,41.1992064,0.11023319848715234
1295,41.360140799999996,0.08667452319302257
1296,41.842944,0.13643246581896495
1297,42.1648128,0.11316547187700773
1298,43.452288,0.267119833167322
1299,44.7397632,0.2757074412358771
1300,45.5444352,0.20274528919012627
1301,46.670976,0.26198446466120323
1302,46.831910400000005,0.10054120334553453
1303,46.670976,0.045554609333628746
1304,45.061632,-0.13546574330252922
1305,39.7507968,-0.5186617550608363
1306,34.439961600000004,-0.45489038322055037
1307,29.1291264,-0.39051017021811724
1308,23.8182912,-0.325582933517607
1309,18.507456,-0.2601721581370831
1310,13.1966208,-0.19434291036422777
1311,7.8857856,-0.12816176106853405
1312,2.5749504,-0.06169671752166416
1313,0.0,-0.003325940047110368
1314,0.0,0.0039714580252640614
1315,0.0,0.00397162444823256
1316,0.0,0.003971775094594424
1317,0.0,0.003971911463479952
1318,0.0,0.003972034911777327
1319,0.0,0.003972146667562633
1320,0.0,0.003972247842312375
1321,0.0,0.0039723394419422
1322,0.0,0.003972422376827899
1323,0.0,0.0039724974708649045
1324,0.0,0.003972565517348671
1325,0.0,0.003972627217025495
1326,0.0,0.00397268310682785
1327,0.0,0.0039727337393347184
1328,0.0,0.0039727796145912755
1329,0.0,0.003972821185110025
1330,0.0,0.003972858860359968
1331,0.0,0.003972893010887383
1332,0.0,0.0039729239719995665
1333,0.0,0.003972952047117655
1334,0.0,0.0039729775107985345
1335,0.0,0.00397300061148828
1336,0.0,0.003973021573994623
1337,0.0,0.003973040601759635
1338,2.414016,0.014609955079656381
1339,7.724851200000001,0.10845809623516034
1340,13.0356864,0.21830569433086258
1341,18.346521600000003,0.32868349487336274
1342,21.243340800000002,0.2386090859396256
1343,24.3010944,0.2878633641769735
1344,27.036979199999998,0.2942089402217605
1345,29.4509952,0.29052191984295955
1346,31.382208000000002,0.25917822501938476
1347,32.6696832,0.19746363113826101
1348,34.2790272,0.24618550270859044
1349,35.2446336,0.17382295550751797
1350,35.5665024,0.0937270506021644
1351,36.0493056,0.11595834521009372
1352,35.405568,-0.020438614746100692
1353,34.7618304,-0.02013886274297388
1354,33.957158400000004,-0.03373224486632022
1355,32.991552,-0.04651241677747722
1356,32.18688,-0.0321285588555421
1357,31.5431424,-0.01853050866304153
1358,29.772864,-0.10485702253513036
1359,28.163520000000002,-0.08739076298139646
1360,26.554176,-0.08253814845968563
1361,24.944832,-0.07764834324790874
1362,22.530816,-0.11954480230266333
1363,17.702784,-0.22299030811163115
1364,12.874752,-0.16887871549493283
1365,8.3685888,-0.1077197105598585
1366,4.02336,-0.05875714664222589
1367,0.0,-0.014781314772771979
1368,0.0,0.003972613283491381
1369,0.0,0.003972696149803417
